entity,code,GPDpc1950,GPDpc1951,GPDpc1952,GPDpc1953,GPDpc1954,GPDpc1955,GPDpc1956,GPDpc1957,GPDpc1958,GPDpc1959,GPDpc1960,GPDpc1961,GPDpc1962,GPDpc1963,GPDpc1964,GPDpc1965,GPDpc1966,GPDpc1967,GPDpc1968,GPDpc1969,GPDpc1970,GPDpc1971,GPDpc1972,GPDpc1973,GPDpc1974,GPDpc1975,GPDpc1976,GPDpc1977,GPDpc1978,GPDpc1979,GPDpc1980,GPDpc1981,GPDpc1982,GPDpc1983,GPDpc1984,GPDpc1985,GPDpc1986,GPDpc1987,GPDpc1988,GPDpc1989,GPDpc1990,GPDpc1991,GPDpc1992,GPDpc1993,GPDpc1994,GPDpc1995,GPDpc1996,GPDpc1997,GPDpc1998,GPDpc1999,GPDpc2000,GPDpc2001,GPDpc2002,GPDpc2003,GPDpc2004,GPDpc2005,GPDpc2006,GPDpc2007,GPDpc2008,GPDpc2009,GPDpc2010,GPDpc2011,GPDpc2012,GPDpc2013,GPDpc2014,GPDpc2015,GPDpc2016,GPDpc2017,GPDpc2018,GPDpc2019,population,pop2019,pop1960,oecd,growth2011_1960,growth2019_1960,GDPpc1960relusa
Algeria,DZA,,,,,,,,,,,10835.013,9263.0254,5283.8633,5965.9473,6087.3784,6427.353,5564.5327,6055.4468,6584.9878,7002.0762,7780.0508,7244.3037,7996.2715,8360.6826,10072.163,10468.854,10315.068,11288.917,12233.291,12602.791,12254.745,13108.504,13264.293,13552.555,13698.406,13826.624,11472.412,10669.394,9404.0029,9448.0479,9721.9043,9304.2363,9052.3066,8473.165,8359.7842,8597.4355,8914.0967,8496.6299,8693.3516,8883.0313,9704.585,9655.7969,9881.3096,10634.918,11033.535,12356.633,13424.695,13692.437,14433.803,13045.797,14808.767,15523.892,14968.809,14278.215,13804.14,12512.007,11854.604,11408.486,11773.642,11787.492,25074241.31666667,43294552,11424930,0,.70758462,.14290909,-.56583297
Australia,AUS,13660.783,12852.69,12414.002,13721.202,14403.238,14775.68,14648.062,14427.618,15258.624,15906.9,15799.374,15902.039,16466.982,17306.359,17813.994,17704.107,18576.498,19066.344,20122.676,21175.375,21518.926,21941.418,22277.465,22948.756,21840.594,22008.213,22727.477,22889.639,23694.227,24184.785,24692.652,25480.332,24547.381,25622.756,26227.945,26544.85,26864.248,28604.322,29805.865,30357.975,29933.852,29537.359,30333.725,31075.063,32160.309,33466.836,34960.195,36290.953,37137.207,38633.941,39331.898,40172.168,40712.246,41971.691,42933.586,45488.262,45679.094,46090.77,47621.637,46605.594,50222.52,52136.227,51097.926,52768.602,51919.355,48712.191,51497.211,52536.191,54236.766,54147.008,17140061.23333333,25482714,10280815,0,2.3685758,2.1096265,-.18864547
Austria,AUT,5959.9639,6260.6289,6441.9858,6779.6313,7251.4297,7942.9365,8520.835,8950.7988,9287.7939,9567.0605,10212.926,10715.418,10950.802,11330.011,11792.524,12086.681,12608.718,12899.655,13388.819,14010.392,14843.678,15571.182,16431.865,17192.137,17746.287,17835.41,18282.678,19062.727,19019.252,19822.383,20080.336,20037.82,20134.324,20551.975,20423.42,20841.471,21803.77,22667.035,24061.92,25263.441,26615.162,27652.299,28590.305,28989.445,30206.715,31342.947,31967.035,33539.09,34845.543,36093.906,38036.566,37042.785,37653.426,38394.566,39732.598,43298.789,43980.133,45328.258,46818.813,44564.949,45806.348,47593.109,48182.363,47261.828,49125.188,49618.703,49865.789,51954.277,52968.191,53344.508,7845322.933333334,8880875,7047274,1,3.0637078,2.8415153,-.62496161
Bangladesh,BGD,,,,,,,,,,1483.043,1563.2533,1521.7603,1580.8969,1646.4865,1604.167,1553.0166,1536.9905,1453.7062,1469.769,1502.0055,1566.8899,1518.9908,1427.8574,1198.7164,1205.3618,1141.5897,1265.2644,1324.5385,1327.3186,1372.1932,1333.4319,1325.1575,1288.6855,1280.0214,1369.7687,1393.2859,1390.7646,1360.6252,1383.9873,1502.3505,1531.382,1553.5822,1562.9657,1568.4761,1607.5397,1648.079,1660.2803,1623.2451,1577.4174,1499.0077,1520.2449,1535.8394,1588.2731,1606.8379,1621.7179,1666.4171,1793.9163,1978.3098,2193.2632,2353.637,2650.6636,3030.0151,3113.8965,3260.8838,3453.2925,3714.8008,3833.7283,4112.7041,4428.1455,4658.0098,109787417.7833333,164913056,51828664,0,1.3061001,1.8677696,-2.5018468
Barbados,BRB,,,,,,,,,,,9351.6025,9709.2695,10035.758,9852.2832,9764.1328,10169.499,10697.431,11741.524,12114.932,13965.378,15426.246,15870.721,16074.323,15523.233,13959.357,16529.906,12990.9,13091.374,12431.065,13022.744,12789.05,12660.261,12830.858,13217.297,13541.944,11801.507,13744.875,14967.196,15623.32,16818.102,15811.569,16659.279,12578.095,13225.763,21747.504,23666.096,25243.859,23422.648,24377.67,24084.865,23597.746,23029.361,22733.799,20911.803,21595.09,22032.338,20567.945,21718.01,19940.24,17594.641,16825.586,15311.92,14260.479,13108.818,13087.195,12689.137,12570.785,11801.709,12009.456,12217.291,259059.2833333333,281216,230901,0,.97152007,.45408636,-.71306807
Belgium,BEL,8348.5654,8653.7539,8795.9609,9025.4551,9392.5059,9757.8594,9976.8291,10074.675,9884.4404,10124.746,10628.077,11145.608,11681.076,12054.987,12765.856,13103.903,13376.343,13816.649,14354.845,15203.515,16048.811,16628.863,17589.055,18764.482,19571.904,19349.268,20569.395,20845.205,21623.287,22274.781,23806.789,22679.863,21934.953,21274.961,21207.998,20143.088,21584.131,22772.012,24514.705,25045.986,26114.314,26425.402,27306.836,27369.021,27974.865,29060.271,28905.15,30190.76,30345.209,31710.693,33739.328,33801.445,34587.23,35921.406,36637.98,40701.172,39286.82,40197.406,43370.988,41608.609,44733.914,44285.629,44366.012,43980.91,43960.465,42891.355,43413.094,45150.195,44205.297,44839.68,10134074.56666667,11490622,9102170,1,2.8378766,2.4700015,-.58511651
Benin,BEN,,,,,,,,,,1670.0013,1780.014,1762.4698,1676.5664,1731.4055,1785.8787,1889.0535,1894.155,1921.2375,2021.4348,2049.9126,2198.1885,2200.1953,2248.6516,2356.9912,2502.5947,2079.8105,2178.125,2195.0767,2077.0554,2118.9001,2214.1563,2724.9905,1909.6669,1824.89,1882.8116,2021.0591,1716.2102,1542.1,1542.7927,1352.494,1348.4304,1372.9437,1370.6992,1360.4703,1231.7274,1316.4723,1341.8204,1440.5328,1464.8466,1558.879,1695.3029,1762.793,1888.796,1952.2593,2025.2596,2065.6758,2058.9084,2123.7813,2125.9502,2070.7388,2078.012,2160.3459,2384.7007,2567.6763,2831.6736,3072.4944,3162.4331,3071.0347,3118.2515,3245.0645,6055081.35,12726761,2517290,0,.380422,1.0230176,-2.3719945
Bolivia,BOL,2430.7229,2579.761,2513.7329,2043.5111,2080.0481,2214.553,2048.7087,1977.953,1869.9276,1946.6713,1958.6906,1977.9059,2005.9476,2089.3809,2168.1431,2254.9111,2377.8525,2510.4424,2168.095,2192.189,2094.8555,2177.5713,2170.165,2296.2869,2407.3196,2491.303,2539.2568,2613.4314,2544.0549,2542.2805,2474.8115,2498.947,2406.6848,2340.8616,2392.7231,2471.1399,2431.5186,2480.7361,2180.8931,2239.5469,2334.6396,2441.7268,2510.4255,2627.3396,2791.7134,3056.6145,3349.7717,3327.9609,3334.2295,3275.3877,3264.6858,3341.6895,3441.554,3547.0254,3703.2166,3896.6584,4040.7559,4219.3242,4686.3604,4799.1792,5248.6211,5819.7231,6424.1636,7039.8984,7257.5317,7336.2764,7606.1006,8176.8667,8489.708,8584.6309,7258540.466666667,11671386,3702323,0,2.1582077,2.5361996,-2.2763395
Botswana,BWA,,,,,,,,,,,513.30255,544.94824,577.50323,594.65546,623.2691,588.3717,629.32666,721.64624,786.70581,738.13971,828.08569,1025.5146,1245.3446,1483.1556,1603.3754,1719.98,1870.6572,2047.1887,2213.793,2407.2595,2597.8147,2872.4485,2970.5972,3373.7844,4099.9224,4591.7314,4919.1738,5230.4263,5572.6147,6851.0835,7205.6685,7522.3062,7602.1924,7634.3486,7741.875,8272.1533,9232.8047,9649.9238,9751.7637,10506.664,11064.159,10805.393,12533.854,12158.926,12506.996,14003.922,14303.025,14592.438,14481.412,13197.055,14527.12,15922.705,14734.384,14868.127,16191.077,15194.871,15642.398,16208.257,16123.994,16484.375,1312224.533333333,2332081,516173,0,6.9665308,6.0564957,-3.6155057
Brazil,BRA,1664.8303,1666.4501,1790.9985,1798.0557,1895.4573,1981.2771,1994.5101,2105.5642,2162.4583,2195.6609,2336.8499,2584.3394,2700.0842,2803.2532,2844.5908,2937.4858,2993.1567,3158.6145,3392.4846,3358.197,3726.3831,4081.3701,4466.1968,4952.5728,5260.8262,5355.2227,5679.3491,5674.6348,5764.5215,6014.7754,5876.957,5949.2271,5947.4521,5689.5132,5770.7944,5942.8237,6652.9414,6739.375,6660.645,6684.7251,6406.3853,6870.1934,6943.6846,7364.7383,8154.4922,9343.9248,11043.685,10535.267,9941.9131,9463.2324,9460.3184,9288.2979,9232.4375,9082.9424,9449.6357,9686.668,10455.969,11527.026,12705.692,13057.089,15012.523,16611.414,16416.596,16445.102,16262.959,15077.577,14219.396,14284.612,14522.992,14593.961,144648720.4833333,207455456,72388120,0,3.9205618,3.1534526,-2.099812
Burkina Faso,BFA,,,,,,,,,,996.81793,977.46716,917.67358,977.35663,943.16205,974.63837,962.89935,963.23749,1048.9031,1065.2209,1076.6678,1025.2339,936.34167,1140.1576,1053.5237,1116.0481,1079.3904,1069.6127,1161.5532,1252.5525,1245.6211,1221.3806,1276.2411,1242.2354,1138.1323,1080.0626,1124.8083,1205.4205,1147.7544,1184.9922,1160.8605,1117.4508,1160.7626,1139.0725,1153.5916,1018.1679,1134.3264,1227.7261,1305.8582,1357.7869,1434.6727,1452.5415,1464.6792,1488.1113,1517.3728,1555.4323,1641.1025,1654.415,1603.9171,1590.9189,1540.9338,1634.3345,1657.573,1750.7736,1779.4204,1712.6461,1716.6113,1844.6614,1919.5693,2054.6062,2120.1392,10291154.98333333,20961954,4778627,0,1.0409592,1.3209747,-2.9714065
Burundi,BDI,,,,,,,,,,,754.99219,636.78552,678.65302,689.28625,686.05225,693.06262,701.00336,770.42371,761.22559,721.88702,853.2207,878.83466,780.51929,842.5531,839.76691,821.05566,889.18323,990.94366,979.11835,972.37396,976.77563,1016.7941,975.17908,968.25446,962.67194,1009.5938,1032.3475,1007.2282,1060.4954,998.24243,1015.2844,1035.9885,996.49475,916.31781,912.09564,816.39825,746.30005,724.57629,793.5564,789.19397,747.83411,742.29932,758.14923,773.50171,789.04614,754.1615,759.11951,748.04028,764.151,746.0979,766.59491,811.19739,815.92279,871.45569,884.55231,853.4425,860.21265,826.2287,807.71667,790.04602,6027072.016666667,12255339,2764264,0,.14089134,.07695128,-3.2296636
Cameroon,CMR,,,,,,,,,,,1570.6017,1591.0732,1575.5253,1649.3594,1682.5292,1748.8477,1796.7899,1609.6602,1642.6576,1719.1019,1748.9459,1725.9778,1764.8951,1785.5023,1753.0332,1766.6853,1636.9281,1805.7393,2185.3074,2224.4875,2402.5652,2633.9414,2900.8455,3208.8503,3513.9512,3536.363,3327.603,3174.7092,3011.1538,2825.573,2634.4004,2455.0403,2371.2751,2404.5642,2255.2986,2426.949,2508.1604,2550.7581,2604.0693,2642.5076,2673.2998,2664.7683,2678.5527,2767.8074,2764.6033,2795.1963,2822.2488,2889.4202,2970.7505,2895.9507,2935.96,3044.646,3175.7681,3226.7278,3319.3752,3367.5437,3484.3015,3521.3113,3606.3958,3651.4968,12493956.98333333,25506096,5159059,0,1.306353,1.4402362,-2.4971571
Canada,CAN,12878.901,13025.046,13720.402,13979.352,13520.334,14329.359,15133.296,15001.768,14962.046,15198.114,15393.973,15714.857,16413.344,16961.063,17812.475,18586.873,19461.906,19671.783,20403.551,21165.027,21467.533,22227.666,23118.662,24446.479,24739.563,24733.971,25852.266,26430.594,27164.611,27967.441,28173.58,28833.945,27830.648,28486.627,30159.096,30560.17,30737.061,32477.461,33621.164,34377.148,34183.887,32881.074,32806.844,33201.172,34410.922,35738.742,36273.516,37363.715,37557.988,39872.336,41998.539,41247.48,41119.555,42749.91,44200.813,47073.375,46799.203,47230.992,48610.477,43182.203,45646.465,47756.727,47564.656,48815.652,49926.117,46945.504,47032.891,48902.645,49458.035,49884.055,27627192.45,37782932,17898792,1,2.2447128,2.0127428,-.21463974
Cape Verde,CPV,,,,,,,,,,,1257.7456,1463.0431,1205.3792,973.04639,1017.0419,1035.8832,1254.4939,1360.2174,1464.343,1556.2603,1710.937,1783.0916,1819.8374,1855.7008,1907.4855,1584.2323,1606.075,1519.8716,1649.1018,1704.7599,1821.4053,1924.9347,2020.5928,2131.804,1999.5618,2004.428,2237.2231,2306.6113,2327.5518,2454.1282,2351.2781,2315.4709,2466.6572,2542.366,2908.7559,2616.093,3093.3218,2945.0842,3250.8147,3736.3291,3989.5159,4109.2129,4204.4116,4363.4233,4656.1147,4703.1978,4901.2266,5551.7295,6065.5244,6153.6187,6556.2974,7107.8853,6783.9106,6385.5093,6257.3496,6515.8477,6723.2432,6890.0459,6825.9004,7271.0767,383061.2666666667,514116,210033,0,3.4541678,3.0185313,-2.7192948
Central African Republic,CAF,,,,,,,,,,,1550.2455,1647.5244,1613.864,1489.3706,1526.4926,1502.0037,1447.214,1397.1484,1560.161,1535.0063,1565.022,1481.0427,1398.1378,1537.6136,1364.1444,1319.8514,1288.2727,1326.1349,1328.8286,1273.0675,1139.7721,1291.9447,1265.4109,1159.7468,1213.225,1316.1558,1275.4431,1166.7627,1207.1034,1252.5315,1208.3816,1160.3212,1084.0619,1032.7296,1221.8749,1223.6832,1013.7203,1037.5809,1065.0952,1028.9662,1038.0139,1029.7571,1009.8333,943.44836,951.19391,952.68268,980.513,1015.932,1022.9952,1084.954,1120.8365,1132.229,1250.9657,822.41357,787.72778,872.60364,910.50848,928.03546,951.71362,978.34937,3158848.216666667,4944707,1702348,0,-.61423337,-.77713698,-2.5102024
Chad,TCD,,,,,,,,,,,1442.2576,1485.3645,1673.881,1483.2319,1469.5344,1505.8882,1413.6876,1339.3251,1306.1406,1307.4984,1402.8888,1404.1992,1245.6313,1154.9924,1306.7821,1476.9719,1366.847,1272.3596,1289.4653,1002.5028,910.78857,805.91357,847.67834,1074.3043,1140.9663,1218.2876,1155.4182,1147.6157,1212.209,1224.7379,1196.3903,1208.9354,1182.6046,1128.1547,1139.4438,1160.8763,1068.9586,1147.1814,1112.7889,1098.5048,1031.267,1084.1892,782.29932,884.81512,1280.5431,1561.0459,1638.4246,1762.3224,1829.6758,1664.0165,2135.6323,2020.7445,2114.5605,1804.3229,1811.2366,1942.6559,1681.2961,1579.2462,1620.899,1615.0825,7362450.183333334,16685223,3049842,0,.66347831,.19200853,-2.582406
Chile,CHL,,4542.4575,4820.4277,4846.8462,5093.8511,4876.6138,4700.1113,5074.0898,5152.2144,4986.3457,5178.1631,4882.8315,5957.8872,6038.2012,6100.6851,5764.0742,6318.5923,6552.3423,6588.6997,6914.1606,6819.9634,7605.6274,7494.4458,7181.7886,6728.6318,5618.4346,5761.9902,6187.2397,6563.8389,6987.6401,7306.0596,7561.5181,6520.5186,6224.6113,6341.75,6258.4023,6473.5034,6856.1128,7400.4819,7956.8716,8012.5859,8506.6221,9371.2832,9827.7637,10543.915,11898.526,12283.932,12358.101,12066.892,11407.16,11693.727,11511.693,11481.016,11870.72,13106.786,14570.872,16854.547,18105.645,17407.621,17554.469,20055.396,22020.885,23062.063,23622.014,23741.92,23214.646,22606.166,22864.049,23286.533,23252.557,13427301.91666667,19197748,8153356,0,2.8789794,2.5783827,-1.3041654
China,CHN,,,962.80261,1066.3601,972.50031,1050.5111,1102.3662,1114.5365,1113.6604,1051.6567,994.17474,852.91595,911.37384,992.07135,1085.6556,1168.0397,1168.1667,1171.2877,1106.6548,1181.0593,1292.507,1382.5481,1310.6804,1396.8113,1392.1698,1428.976,1350.1012,1424.0562,1618.6331,1677.2329,1678.2577,1667.3282,1762.4872,1871.7107,2095.3679,2336.5251,2366.6023,2443.5935,2548.7253,2507.4414,2427.0549,2519.9937,2722.6484,2943.4604,3133.4246,3431.2358,3659.8289,3757.72,3741.418,3930.9387,4199.8398,4540.0283,4940.1445,5365.0444,5952.9902,6588.563,7144.7998,7817.4502,8281.8701,8938.0869,10116.533,10874.707,11501.821,11899.735,12411.439,12784.436,13147.852,13854.229,13819.324,14128.812,1097303257.716667,1423520384,654802048,0,4.802505,4.6011167,-2.954458
Colombia,COL,3486.0867,3428.6584,3544.0381,3728.0396,3955.7598,3977.2134,3938.8918,3804.457,3679.0229,3775.3933,3875.5615,3992.6074,4050.5901,4043.3643,4250.1777,4134.5967,4236.1855,4272.4565,4422.0811,4598.5127,4841.0151,5232.3555,5621.0923,6096.0356,6443.999,6681.9966,6971.3818,7144.9502,7514.4365,7613.8999,7802.7368,7679.0381,7548.4917,7354.1274,7349.4995,7189.2212,7491.647,7407.0815,7494.5967,7517.981,7624.9741,7516.7939,7725.0728,8091.7568,8380.6055,8597.6885,8479.6221,8537.1074,8211.042,7650.2524,7760.5581,7679.9189,7661.3618,7820.7036,8089.7007,8529.0449,9216.3428,10036.59,10897.64,10974.397,11956.13,13226.351,13683.41,13840.157,14080.851,13796.842,13566.159,13426.758,13782.132,14057.756,32364422.61666667,49907988,15606208,0,2.4361026,2.2078917,-1.5939252
Comoros,COM,,,,,,,,,,,2043.115,2149.248,2525.5764,2680.3188,2962.4124,3023.9917,3275.6116,3536.0879,3281.6091,3127.5034,3496.0806,3576.3501,3585.7532,3766.4333,3792.3091,3926.0344,3800.7041,3839.1104,3771.2881,3961.6208,4266.2813,4038.74,4215.6074,4198.4766,4737.9204,4635.9678,4984.4458,4846.2847,4593.6357,4238.0112,4056.2666,3769.3975,3876.7458,3651.4758,3244.3721,3733.7634,3529.6528,3555.6924,3173.8198,3116.7026,2951.0872,3198.0337,3194.0566,3096.7175,2993.5403,3319.0139,3208.0229,2526.7837,2664.4934,2631.4363,2503.1409,2731.4741,2961.5688,2985.0916,3005.5605,2988.6812,3090.4937,3136.6602,3181.9802,3208.8936,446079.6166666666,786583,197710,0,.57096863,.76810539,-2.2341402
Congo,COG,,,,,,,,,,,2057.4998,1877.9156,2366.4443,2560.7236,2662.7747,2577.4719,2329.5249,2309.8838,2537.6213,2724.3718,2988.2629,3199.8115,3087.0178,3474.4924,4077.0476,3766.8447,3832.1189,3881.1077,3600.9133,3958.8694,3852.4661,3053.0005,3173.9421,5011.8848,5729.8218,5242.5571,3222.5457,2961.7996,2677.1343,2614.498,3021.7749,3294.95,2339.3525,2408.0479,2232.0698,2098.3245,2318.4878,2151.5488,1664.5428,2086.7419,2908.7065,2714.7468,2628.9763,2674.9067,3128.918,4293.3706,4609.4678,3629.8501,4920.0557,3763.5007,5782.8184,7036.3994,7537.8291,6984.3872,6489.6001,4702.7046,3968.5942,4074.6653,4925.4014,4657.1162,2710257.8,5616656,1056737,0,2.4402897,1.3942143,-2.2271242
Costa Rica,CRI,3650.1194,3667.0369,4010.3206,4634.4458,4660.7104,4893.4326,4585.0161,4736.1396,5131.7588,4973.7656,5185.354,4906.3794,5046.1523,5172.9116,5278.2881,5652.5845,5786.3589,5870.2139,6056.0674,6218.5889,6586.2734,6738.6455,7014.8965,7322.5996,7374.3887,7449.1553,7837.1421,8508.7998,8717.1719,8892.4375,8711.5156,8399.1006,7640.2612,7521.541,7872.4414,7791.8486,8399.3672,8193.1953,8200.5156,8503.6201,8554.5605,8486.7012,9139.4463,9528.8535,9725.5361,9864.4697,9468.5938,9664.7725,10392.514,10271.373,10515.262,10787.231,10691.711,10874.106,11215.025,11871.861,11952.692,12489.902,13053.728,13642.417,13726.42,14410.855,15094.226,14711.616,15424.482,16333.762,17231.314,18127.814,18217.113,18522.178,3141371.666666667,4999551,1327499,0,2.0244222,2.1812985,-1.3027776
Cote d'Ivoire,CIV,,,,,,,,,,,1785.9729,1813.3947,1839.7877,2005.4402,2235.7708,2044.7189,2188.6125,2196.1094,2380.407,2486.5051,2626.011,2682.5842,2680.5347,2708.0466,2794.271,2788.0007,2987.8298,3058.7117,3213.3909,3129.4502,2666.6819,2685.6575,2653.4292,2571.5454,2539.6838,2716.5298,2742.6409,2603.6125,2570.0491,2721.9626,2428.3728,2402.7683,2423.8716,2311.1638,2193.9429,2441.3,2563.752,2489.2673,2470.8025,2367.7683,2261.1787,2223.5859,2147.0774,2347.7002,2188.2683,2141.6702,2195.8384,2274.3438,2359.7388,2507.6616,2796.2966,2889.4258,3346.0703,3657.7283,4091.1125,4541.9023,4546.2495,4548.877,4816.7642,5035.3491,13414367.63333333,28193014,3673672,0,.94778579,1.7723355,-2.3686526
Cyprus,CYP,3253.2979,3377.5615,3703.0408,4107.4268,4536.8843,4617.4688,5083.3057,5052.8584,4339.6245,4528.8667,4254.5083,4748.7886,5603.0361,5615.771,4778.3066,6091.9824,6331.1221,6994.2295,7183.4668,8117.1704,8332.3809,9033.2012,9370.4639,9178.2754,8600.7012,7087.0781,9001.2891,11350.472,12566.743,14346.666,15213.302,15136.402,16109.721,16706.447,18406.432,17863.164,17977.922,19194.125,20122.25,22119.771,22535.141,21508.553,22322.891,21656.121,22380.373,23329.41,22778.906,23260.777,22803.709,24305.844,27567.721,28040.58,26906.66,25184.34,25365.447,28928.689,29449.406,30878.047,32407.42,31801.402,31855.75,30961.527,31319.172,28148.766,26588.385,28228.881,30758.475,31253.988,31223.533,32301.82,849515.95,1286669,586494,0,3.9684169,3.4955447,-1.5006366
Democratic Republic of Congo,COD,2154.4399,2468.5337,2590.8682,2880.6638,2927.0654,3067.0964,3105.0396,3009.6746,2937.4207,2876.1421,2983.8123,2467.3286,2954.0107,2761.447,2452.7302,2736.6892,2848.1897,2533.3489,2651.9548,2870.29,2878.8459,2781.3787,2610.6938,2801.303,2880.5022,2274.2776,2003.6178,2038.5066,1951.9229,2171.3782,2184.8337,2040.1947,2033.0565,2041.6466,2290.5271,2143.6021,1969.2367,1874.8965,1958.4717,1950.5587,1488.0116,1175.7506,1461.757,1105.5034,784.54498,790.26294,688.00446,690.32843,611.72339,619.68628,544.67126,529.62762,534.19641,564.896,604.6236,637.12982,672.71466,692.34882,663.38361,657.21429,712.17908,746.29626,773.65466,826.74091,890.46399,944.79175,1060.6923,1006.6029,1009.1198,1021.6937,42035443.16666666,92947448,15264853,0,-2.6807353,-1.8001094,-1.855414
Denmark,DNK,10533.165,10272.443,10416.398,10985.877,11257.637,11132.258,11295.049,11808.914,11960.839,12868.686,13568.79,14338.302,14907.131,15032.26,16132.699,16703.311,17004.727,17770.529,18674.508,19775.559,19875.738,20302.104,21029.934,21717.08,21284.607,20856.074,21944.219,22428.947,23003.828,23879.375,23979.723,23128.795,23511.057,23736.131,24247.697,24626.002,26436.166,27056.191,27024.982,27144.453,27817.977,27846.027,28845.561,28523.4,29687.18,30550.236,31560.564,33088.336,33963.254,35450.438,37403.957,37265.41,37064.266,37679.652,39556.914,43031.414,44582.707,45687.332,48294.336,46005.824,48860.055,49686.809,49100.336,47969.641,47861.254,47492.906,48930.09,51671.598,51931.836,54027.148,5203806.95,5814619,4579349,1,2.5776961,2.3695264,-.3408435
Dominican Republic,DOM,,2451.8706,2494.1851,2434.4443,2590.2583,2529.1106,2634.0437,2729.6519,2593.4521,2809.4214,3234.1206,3069.6611,3272.0635,3069.144,3070.5425,2784.45,2778.4055,2783.0281,2646.4529,2780.4595,3103.1809,3263.0518,3825.2026,4091.9722,3964.2429,4043.0562,4492.9634,4339.6826,4266.9014,4325.5923,4097.7725,4566.8198,4543.4604,4677.3579,5125.0703,5130.9897,5342.396,5853.104,6098.4043,5615.8857,5110.1016,5105.4014,5854.0356,6292.9736,6502.6357,6529.189,6672.229,7267.3047,8032.6108,8440.9893,8391.9766,9149.3037,9048.3887,8276.9854,8504.5527,9431.8213,10494.584,11406.723,11560.211,12149.653,13096.969,13231.797,13328.421,13388.624,13998.327,15161.65,16169.959,16557.008,17155.328,17926.738,7072920.316666666,10894043,3268340,0,2.8009923,2.9451401,-1.7748587
Ecuador,ECU,3364.0391,3392.6758,3614.3569,3734.9204,4044.5837,4106.4692,4115.0791,4133.8828,4096.0781,4199.9434,4364.3145,4446.1816,4491.6289,4451.6528,4669.4229,4684.8086,4687.9688,4902.5313,4991.6621,4985.0093,5207.834,5386.8911,5288.8716,5708.668,6638.418,7078.2065,7384.3027,7477.6079,7680.5063,7787.6123,7915.2378,7944.1943,7629.5801,7228.126,7104.4971,7071.1138,6646.9941,6400.9155,5996.1777,5937.2642,6184.4883,6281.0986,6303.6411,5729.5166,5744.6519,5668.0459,5577.771,5744.3452,5735.9287,5309.4849,5510.876,5798.6143,6233.9888,6496.728,7106.0952,7963.3896,8460.0811,8832.0977,9664.3223,9225.9893,9908.4775,10796.917,11377.923,12181.178,12239.398,11354.9,11039.747,11413.081,11474.869,11235.628,10478118.48333333,17340016,4590893,0,1.7919436,1.6156735,-1.4751546
El Salvador,SLV,668.41376,652.10565,684.3808,715.24359,700.93915,715.85254,737.57532,753.13391,758.05829,762.69025,745.04803,766.54333,834.47412,835.50543,866.31256,890.78015,915.42151,945.57098,956.70062,958.67297,949.91931,952.71008,979.18732,1012.7227,1036.2714,1071.1747,1089.7352,1102.424,1156.9841,1146.4001,1060.5958,993.04865,968.79608,988.18488,1028.891,1032.434,1106.808,1094.3303,1135.3795,1131.9446,1048.6945,1068.5349,1157.3202,1336.123,1418.6335,1621.5951,1753.0057,1919.1135,2004.0417,2121.9409,2323.7451,2438.77,2671.4375,2915.498,3126.8823,3658.7615,4014.762,4418.2358,4903.5405,5222.856,6049.7974,7215.2173,7372.1929,7369.9351,7582.2363,7584.5791,7707.979,7942.0962,7987.9927,8116.269,4996954.516666667,6222316,2791451,0,4.5525455,4.1307964,-3.2429223
Equatorial Guinea,GNQ,,,,,,,,,,,1175.7365,1169.4299,1191.6847,1348.4081,1355.3262,1458.7303,1587.5831,1746.8203,1826.6647,1888.5193,1913.5905,2029.8922,2141.6301,2396.6367,2579.7415,2856.5713,2955.4529,3247.8215,3099.884,2920.1482,2976.1514,2895.4849,2842.3718,2740.7205,2569.4846,2727.949,2424.7856,2471.5378,2520.7517,2417.3616,2488.5537,2531.407,2556.1719,2461.125,1484.0676,2145.9746,3670.2224,6662.3823,6236.4053,7854.0034,10087.055,14263.422,12665.386,14122.253,18373.035,27228.811,27331.096,31566.941,41114.871,27650.639,38225.527,45539.738,46761.898,42763.109,39636,27242.693,23845.719,25498.295,26722.547,24712.76,645982.0333333333,1670184,269813,0,7.43328,5.297277,-2.786721
Ethiopia,ETH,425.46078,475.93042,482.47263,507.43994,502.38071,504.34412,519.78259,506.13391,500.1962,523.68378,536.42249,546.8913,557.55902,560.78943,583.90515,613.45013,622.23914,619.16669,635.15015,663.41119,652.38568,662.46039,673.86646,670.82031,665.89374,673.3656,686.77112,686.53467,692.21515,700.27911,728.37317,793.66919,846.10913,955.98071,938.78601,961.03229,910.83856,874.72711,834.42719,746.96246,821.58643,718.16644,625.87164,665.67438,600.59186,651.81622,642.32446,682.99683,613.87909,618.1026,593.40338,672.91284,580.50122,601.96472,692.32605,806.12512,793.50531,919.3985,978.54169,1006.8923,1155.4794,1267.2755,1336.031,1400.8866,1666.4066,1758.5656,1970.3477,2025.7733,2266.0593,2720.7412,55281348.18333333,115737384,21376688,0,1.6999792,2.7903175,-3.571449
Fiji,FJI,,,,,,,,,,,3122.2131,3090.6667,3041.5786,3365.261,3773.2859,3134.8645,3146.1458,3517.834,3855.6216,3913.1704,4229.561,4586.6606,4819.5781,5269.833,5325.8511,5309.4995,5257.0278,5528.4175,5661.9971,6554.4219,6420.8706,6118.2852,5764.9922,5260.1216,5520.5474,5376.1157,5364.3496,5332.7505,5601.918,6144.8398,6942.4248,6394.4063,6496.3394,6429.6172,6653.0229,6433.8896,6641.1167,6384.437,6189.0454,6589.7676,6694.667,6628.3354,6544.0381,6119.5571,6088.1709,5941.6768,6637.2476,6748.2866,7331.2466,7884.7168,8670.0039,9192.6729,9773.7988,10762.616,12349.98,12973.972,12733.721,12996.861,14065.826,13753.734,723730.5833333334,914904,404899,0,2.1399572,2.545013,-1.8100737
Finland,FIN,6581.0063,7331.6372,7420.9785,7279.3745,7977.2192,8529.5244,8588.3467,8577.7549,8523.6758,9099.6826,9945.2148,10861.013,11008.036,11041.996,11329.446,11993.564,12316.558,12618.392,13243.685,14580.726,15758.58,16013.29,17011.822,18095.176,18662.143,18063.592,17988.357,18046.467,18710.459,20127.535,21286.984,21549.025,21664.705,21860.852,22333.465,22419.217,23742.021,24809.166,26612.57,27585.281,27493.334,25045.555,24002.836,23815.592,25278.773,28161.002,28040.688,30470.166,32887.984,34454.281,35949.781,36123.156,35880.758,36471.539,38077.883,40534.965,41241.23,44680.039,46203.699,42181.793,43468.391,44077.234,43473.602,41426.906,41140.891,41660.523,42577.578,43827.152,44198.883,44928.516,4985141.266666667,5521755,4429631,1,2.9623473,2.5888436,-.65152431
France,FRA,7635.002,7985.8604,8147.0972,8410.8486,8818.0918,9215.0293,9586.4297,10009.013,10204.252,10382.35,11134.624,11547.519,12086.586,12666.509,13353.873,13855.951,14475.218,15079.873,15609.67,16579.016,17435.078,18326.459,19144.795,20371.342,21193.426,20989.449,21905.221,22719.139,23682.801,24584.348,24980.373,24369.193,24201.264,23726.705,23348.615,22841.9,23972.672,24539.063,25643.527,26444.75,27149.924,27119.656,27494.258,27321.758,27763.336,28275.717,28793.59,30322.691,31888.025,33225.113,34969,35672.859,35605.211,34481.52,34925.938,37604.82,38307.066,39857.41,39980.652,38507.375,39900.059,40818.422,41133.777,40529.363,40418.523,40998.422,41386.223,42818.762,43192.387,43755.063,56723197.63333333,65729460,46428136,1,2.5799222,2.3466837,-.53855628
Gabon,GAB,,,,,,,,,,,3861.6458,4130.4429,4574.9727,5453.8926,6013.1855,6641.6123,6080.4829,6570.1426,6629.937,7010.5093,8101.0806,8265.8857,8036.3706,9139.0938,11739.699,12716.692,15014.529,14102.245,14763.772,14559.305,14617.956,13484.786,12496.025,13374.945,14403.564,12808.571,9648.2012,9154.9102,8039.7729,10190.508,11923.688,12111.354,11212.015,11046.66,9800.4238,10694.767,11755.115,10027.706,8458.9775,9760.9219,11433.374,10162.868,10450.114,11533.039,13587.453,17984.838,16863.58,17205.846,19817.643,12171.495,13814.354,18695.826,16368.317,16564.461,16101.84,15222.635,14748.529,14775.115,15297.462,15492.227,1102715.8,2267710,512324,0,3.1408789,2.3825932,-1.5975224
Gambia,GMB,,,,,,,,,,,2815.8318,2554.5039,2503.2,2562.6958,2771.772,2995.7693,2951.438,2837.9036,2933.5078,2792.0693,3099.8491,3019.6304,2974.3572,3148.2969,3231.6333,3319.1831,3162.0032,3095.6765,3173.1575,2975.2769,2889.3718,3316.4436,3441.4219,3194.3081,3172.4929,3144.0452,3110.8923,2983.408,2931.2161,2895.3401,2878.5708,2846.5674,2821.2161,2832.5757,2750.1882,2729.7061,2708.5466,2687.5923,2623.0505,2765.3101,2913.8247,2924.8987,2688.4856,2872.5439,3446.551,3571.4543,3208.4622,3192.231,2932.5203,2923.3157,2956.5569,2571.8005,2585.1079,2447.1323,2291.7373,2270.7078,2157.3025,2192.0273,2381.8081,2408.8591,1164956.2,2456847,398070,0,-.17759006,-.2642341,-1.9133581
Germany,DEU,5227.417,5756.6978,6252.1753,6751.1406,7292.3228,8258.3467,8843.3652,9287.0088,9531.3965,10264.624,11158.834,11515.062,11832.689,11997.435,12782.994,13321.435,13593.178,13405.284,14106.714,15100.145,15778.724,16231.725,16986.176,17924.977,18223.402,18229.615,19238.131,19982.127,20701.891,21694.715,22038.219,21626.012,21183.645,21225.652,21446.943,21471.289,23138.275,24096.135,25283.973,26246.838,28100.42,29495.428,30374.363,30521.496,31559.746,32570.662,32941.699,33996.988,35165.75,36591.91,37290.406,37771.262,37600.027,38480.516,39573.629,41565.598,42595.031,45097.148,46266.527,43240.043,45435.336,47754.105,47312.203,47302.219,48789.922,48064.566,49255.832,51253.328,51284.934,51190.891,79565679.16666667,83559184,72811640,1,2.891674,2.6155357,-.53638434
Ghana,GHA,,,,,,3869.3171,3871.0313,3678.5806,3784.6497,4272.0303,4536.6733,4289.8594,4214.4893,4474.9878,4658.6235,4470.4263,4303.3535,3910.02,3831.8147,4027.1414,4524.1558,4600.6406,3795.1394,4151.3154,4577.98,3964.3547,3522.8052,3968.5081,3897.7017,3589.9397,3524.4199,3221.0073,2682.9583,2580.863,2736.7095,2842.3237,2823.1868,2804.1926,2993.3928,2906.5305,2928.9849,3126.7476,2958.5459,2714.1685,2769.907,2818.9734,2790.3516,2996.9326,2913.6665,2988.0742,3467.5833,3139.4385,3076.7017,3189.0496,3336.3586,3346.9651,3352.8547,3924.3242,4304.0332,3999.699,4363.8564,4841.9297,5338.2764,5636.3208,5831.9644,5354.6421,5022.625,5080.7471,5111.9092,5363.2695,16544412.8,31258942,6961216,0,.12776653,.28409734,-1.4364218
Greece,GRC,,3767.2412,3645.4009,4097.8286,4143.4375,4389.1733,4740.2417,5067.7173,5267.7412,5421.5835,5481.6079,6185.3022,6046.6035,6801.4517,7266.0376,8015.4658,8580.2988,8910.0313,9474.4736,10512.24,11460.879,12287.418,13428.997,14308.896,13314.048,13942.771,14661.13,14733.614,15553.054,15674.379,15780.877,15657.779,15041.686,14754.898,15021.075,15503.57,16073.81,15873.447,16948.709,17681.326,17753.793,18705.66,18831.648,19071.445,19892.023,20419.391,20910.096,22679.924,23877.654,24256.174,25357.277,26199.316,27155.65,27225.674,28451.609,29086.717,31469.406,31673.479,32849.035,32017.865,29795.945,27150.488,26113.637,26244.691,26016.303,26330.736,25818.572,26477.574,26602.74,27201.492,9989375.449999999,10718580,8384481,1,3.1869786,2.7522326,-1.2472173
Guatemala,GTM,2285.4351,2253.7097,2244.4634,2248.521,2218.0811,2162.7515,2239.8828,2283.9521,2330.8796,2397.6897,2376.8977,2422.1729,2424.9993,2502.0559,2516.0674,2551.4524,2641.6719,2687.0671,2833.2473,2938.9985,3052.1064,3110.908,3258.5532,3369.8896,3440.8625,3457.5781,3540.1978,3739.7336,3820.4053,3953.4158,4045.0833,4083.051,3922.1082,3825.3538,3799.5938,3610.5532,3702.9429,3742.5781,3677.9619,3890.3545,4007.8723,4178.646,4243.5972,4408.7407,4507.147,4710.4346,4731.7598,4891.0132,5072.1191,5235.6812,5402.2749,5599.3179,5682.7383,5760.5005,5866.6948,6019.3354,6234.127,6527.2104,6697.6802,6729.5073,6941.2446,7311.478,7688.2773,7549.355,7533.8525,7737.959,7599.9082,7507.9658,7611.8486,7769.8281,9574171.783333333,17103802,4063660,0,2.2276843,2.0278323,-2.0828197
Guinea,GIN,,,,,,,,,,3148.4966,3415.7417,3586.2356,3629.7214,3697.999,3384.5684,3446.1482,3447.8977,3280.4089,3230.1262,3143.5823,3003.9177,3114.6372,3137.4387,3138.1658,3253.2827,3303.9348,3508.1252,3338.8811,3503.8267,3400.3303,3471.9214,3365.8965,3374.7673,3301.7886,3276.7043,3331.3857,3292.2568,3337.615,3470.8967,3449.4065,3456.2473,3433.7781,3374.5256,3463.0415,3543.2302,3596.5791,3811.9185,3396.2859,3348.479,3048.5176,2790.3203,2564.04,2408.5251,2088.6907,1971.0288,1972.3492,2000.3522,1966.5919,1981.6384,1839.9288,2021.2056,2100.6245,2156.9602,2168.7979,2068.8657,2086.2366,2241.3779,2422.3333,2222.562,2286.8052,7055306.7,13034349,3556755,0,-.94872576,-.67775875,-1.7202212
Haiti,HTI,,,,,,,,,,,1479.29,1408.7339,1461.8575,1422.6636,1387.1985,1372.0122,1350.0504,1294.4592,1302.8358,1326.4661,1357.6516,1380.9076,1390.4067,1451.7743,1559.2338,1555.9679,1730.8546,1750.0658,1784.8375,1870.1345,1954.6372,1842.3234,1699.9161,1695.7954,1683.6487,1618.9492,1610.377,1621.505,1614.3726,1485.8901,1491.0653,1446.8429,1398.8191,1347.3322,1147.6416,1469.2036,1665.4725,1708.7142,1675.785,1852.2206,2175.7676,2077.2568,2032.5906,2040.7458,1908.9474,1898.3846,1846.8743,1994.0726,1845.7612,1879.1141,1826.8264,1833.386,1827.4252,1817.1644,1854.9742,1913.0902,1826.075,1653.7714,1580.17,1554.0212,7054903.15,11105164,3858448,0,.42167529,.083566509,-2.5570536
Honduras,HND,2339.0276,2342.1228,2286.0479,2383.3479,2150.4941,2122.2944,2327.2734,2303.8291,2326.2781,2329.332,2242.8164,2260.7329,2294.9355,2266.0105,2326.4263,2423.135,2424.9905,2436.5693,2521.0269,2442.3374,2442.147,2421.0183,2497.1333,2612.3176,2472.0149,2474.4468,2735.5474,2964.2092,3092.7134,3086.0959,3063.8535,3047.877,2987.6321,2862.73,2918.3853,2851.46,2962.9722,3031.748,3166.1099,3166.6462,3253.6936,3317.5164,3328.1123,3499.3899,3484.4119,3764.519,3494.7537,3529.9968,3539.1255,3387.3474,3541.5427,3504.3679,3572.1563,3653.394,3779.1619,4056.4424,4097.7021,4267.3638,4018.6868,3958.0103,4111.9009,4355.0127,4573.7173,4343.8896,4569.1372,4976.4863,5222.5898,5346.9595,5359.8574,5428.0635,5332835.733333333,9943637,2062067,0,1.3096689,1.5093279,-2.1408834
Hong Kong,HKG,,,,,,,,,,,6004.6245,6103.355,6458.0366,7040.4751,7490.2095,8302.5898,8605.6465,8663.2676,8942.5166,9774.2939,10478.251,11067.369,11999.145,13196.771,13129.649,13086.177,14549.874,15817.94,16880.426,18155.105,19482.244,20445.721,20518.682,21255.424,22743.074,21794.006,24438.684,28007.119,28645.143,30233.621,32684.734,34285.547,36898.359,39106.063,40133.449,40662.207,42334.578,43059.801,39778.902,40050.832,44197.266,46896.504,49144.324,50446.914,57668.973,60869.176,55957.227,58844.316,57288.324,51092.262,55370.082,59504.652,61950.711,68567.914,59591.82,51588.313,50629.367,49927.07,55578.684,54810.02,5541639.383333334,7485816,3094854,0,4.5997601,3.819164,-1.1560858
Iceland,ISL,9509.5391,9200.7764,8956.0645,10123.791,10932.814,12095.197,11845.927,11620.112,12556.767,12620.768,12724.489,13089.694,13375.869,14696.49,16238.449,17447.117,18353.047,17458.096,15876.971,16534.83,17612.004,20862.559,20285.867,22342.842,23688.918,23470.518,23298.738,26044.498,27070.258,28142.021,29624.107,30693.291,31506.791,28065.699,30520.912,29867.027,32202.543,35800.879,36398.66,34395.797,33947.117,34226.852,32496.238,32630.027,33346.328,33038.734,33539.898,36563.273,37906.273,40203.781,39474.602,41138.188,40690.414,40512.914,42238.293,45611.082,43693.656,45280.676,56671.102,47770.586,43342.039,44048.383,45529.609,45043.262,45567.027,47414.691,48601.988,49844.32,50344.73,53011.742,257380.4166666667,360709,175572,1,2.4647079,2.4481044,-.40508735
India,IND,950.71527,973.86188,986.32861,1020.8444,1045.1151,1049.5339,1075.9296,1060.9073,1112.7397,1108.755,1168.0719,1181.886,1204.7657,1258.7202,1320.7396,1271.174,1241.676,1307.1124,1334.6228,1442.8729,1434.1698,1461.3068,1476.7139,1528.9709,1486.11,1593.6079,1541.4592,1498.7567,1436.564,1307.5255,1310.5286,1269.2772,1211.3611,1217.4896,1192.4418,1184.8011,1207.8566,1244.0525,1313.3569,1376.0935,1430.1027,1446.1476,1495.1007,1543.7616,1603.368,1702.7816,1806.5155,1854.2544,1976.453,2078.6558,2137.655,2214.3452,2295.8237,2463.0178,2650.0457,2973.6599,3281.6194,3622.2944,3784.6685,3991.5815,4554.7417,4893.6719,5230.3315,5236.9985,5397.0723,5634.4409,5886.458,6188.4565,6579.5059,6711.3848,878186831.9,1389030272,435990336,0,2.8488214,3.0078239,-2.7932613
Indonesia,IDN,,,,,,,,,,,1387.8933,1499.3442,1437.8584,1284.5341,1207.823,1406.2166,1152.1919,1210.1932,1236.7852,1249.5916,1313.4451,1375.4673,1505.1182,1653.4351,1755.7001,1803.5731,1908.2358,2033.8396,2142.5544,2239.7317,2408.4099,2555.3286,2541.1729,2667.9094,2754.0002,2729.8496,2737.75,2785.3623,2831.7561,3078.749,3436.3403,3678.3901,3856.4529,4041.9419,4275.9375,4604.4634,4933.6025,4941.9053,3943.8677,3939.083,3753.7678,3800.9529,3817.3889,3824.2468,4128.3716,4452.749,4878.2227,5392.1104,6382.0293,6983.9497,8177.1118,9775.5947,10309.083,10405.758,10458.301,10247.408,10315.834,10640.702,11247.842,11595.102,180497066.8666667,272489376,88296072,0,3.901849,3.6634688,-2.6208289
Iran,IRN,,,,,,2680.6794,2876.6887,3301.7825,3699.2808,4028.7598,4052.0598,4232.0806,4493.5933,4475.3584,4712.0669,5176.0205,5320.5107,6197.4141,6449.9639,6809.0039,7584.3203,7553.1484,8636.7715,8503.1826,9624.7529,9089.7578,9501.7285,11271.521,7196.2539,6300.4238,4104.1333,3558.3552,4196.292,,,3398.5193,2961.5049,3018.511,2673.9895,2835.5413,3292.6057,3758.9773,4024.4224,5111.1772,5340.2954,5455.5435,6564.5313,6825.542,6865.6553,7616.8496,8242.7148,9235.2803,10496.199,11498.957,12932.736,14921.047,15904.463,17915.809,17714.201,18044.977,19116.523,19992.902,17011.908,16181.029,15579.527,13497.838,13911.05,14040.69,13188.87,13240.924,53731600.51666667,87051648,21470432,0,3.1792002,2.0272012,-1.5493904
Ireland,IRL,5439.0483,5512.5454,5738.2803,5877.48,5972.7539,6157.8242,6129.4072,6136.5269,6086.0239,6354.354,6697.1445,7039.0088,7185.5522,7465.895,7654.1436,7732.9189,7836.7793,8260.9082,8859.8906,9250.6475,9313.1523,9516.6611,10107.711,10525.586,10614.252,10943.16,11243.767,12164.756,13122.535,13624.624,14064.997,14136.983,14162.08,13791.215,14015.858,13992.832,14832.848,15861.533,16536.195,17637.57,19040.83,19321.967,20577.311,21711.354,22653.373,25668.748,27494.088,30539.477,33236.836,36071.598,39746.352,42077.629,46392.895,49762.98,51708.684,55875.633,56340.168,60186.035,56254.652,52878.867,52986.938,53714.656,54413.625,54242.168,58406.457,75990.266,81188.492,86808.648,91647.367,102622.45,3667672.85,4933491,2827691,0,4.1668363,4.7347317,-1.0469345
Israel,ISR,5786.6851,6702.9004,5974.5283,5780.0479,6720.4194,7367.2529,7820.3599,8006.4414,8241.5391,9008.9639,9298.083,10007.009,10388.284,11103.577,11661.447,11298.196,12167.412,11997.752,12306.788,13779.046,15009.861,16201.95,17340.369,18197.607,18528.711,18721.404,18265.855,17814.516,18224.574,18670.043,18795.83,19529.758,19713.549,20157.574,20137.555,20157.389,21147.588,22510.836,22937.654,22135.908,23651.15,24962.555,26136.834,26611.432,27426.521,28639.363,29926.4,30878.256,31693.592,32805.27,35327.105,35125.93,34616.707,32723.291,32018.518,31816.086,31477.191,31280.051,30694.039,31679.553,32680.99,33663.434,34910.715,36078.668,36230.445,37281.348,39039.242,38979.031,38243.504,38562.625,4927656.233333333,8657466,1891941,0,2.5548434,2.440274,-.71880752
Italy,ITA,4536.1855,4910.3511,5040.8887,5369.7485,5562.7256,5900.3647,6089.4995,6312.9175,6553.3604,6974.9692,7582.8574,8164.4204,8569.2891,8901.1543,9080.2529,9266.7246,9722.4355,10357.854,10963.985,11560.775,13036.207,13272.596,13844.938,14945.152,15898.907,15623.417,17110.408,17926.492,18917.652,20585.076,21941.047,21531.699,21148.318,20860.445,21096.102,21268.631,22689.629,23829.486,24882.01,25912.541,27016.469,27820.145,28310.203,28232.004,29150.039,30583.93,31243.602,32623.664,34237.781,35258.895,36099.543,35995.871,35316.086,35236.848,35210.148,36438.453,37629.727,39278.039,40041.078,38338.211,38651.531,39455.664,38435.727,37340.996,36959.641,36995.258,38755.73,40155.508,40546.684,40732.031,56489390.56666667,60130136,49514556,1,3.2867558,2.8903465,-.92272568
Jamaica,JAM,,,,3639.4023,3992.9976,4327.6938,4741.9712,5274.3247,5285.0488,5334.333,5523.0947,5730.7642,5760.7764,6091.4146,6278.6899,6344.8906,6316.1953,6237.7949,6198.145,6384.5269,7165.0977,7313.7988,7919.0273,7906.5039,7543.2207,7310.4043,6796.1416,6347.7783,5955.0796,5392.5586,4754.8774,4632.6929,4555.4448,4668.686,4421.7261,3884.6299,4262.8516,4693.7031,4898.8657,4952.0605,5283.7178,5111.8892,5378.626,5708.2231,5663.5908,5687.1602,5759.1538,5669.9473,5717.9023,5800.8501,5864.0728,5846.3657,5833.9844,6346.4126,6432.5444,6879.6313,7092.3403,7476.8242,7398.1899,7390.9375,7533.5967,7649.4287,7937.2959,8067.0303,8039.1553,8088.8892,8092.5947,8206.209,8419.6279,8434.5225,2329781.166666667,2823275,1650008,0,.64065647,.72019929,-1.2396774
Japan,JPN,2804.927,3050.9861,3310.7214,3411.5442,3547.7119,3785.0757,4000.8286,4244.8076,4512.6089,4889.3765,5473.6265,6018.1743,6534.1128,7003.3975,7711.3081,8102.6348,8851.9141,9667.9736,10765.293,11935.014,13023.325,13613.445,14635.703,15587.087,15280.525,15796.556,16670.613,17632.516,18790.568,19873.619,20852.17,20679.117,20248.773,19793.24,19753.051,20254.344,21946.01,23362.334,25594.398,27335.031,29385.457,31110.086,32143.326,33009.441,33976.027,35783.742,37559.605,37646.121,37128.617,37066.078,37915.273,37468.684,37384.547,37952.09,38901.746,39823.617,40255.957,41021.09,40303.449,38058.359,39789.699,39162.328,39235.848,39666.531,39171.813,40274.207,39467.09,39598.293,39352.129,39704.234,119033203.3666667,126699424,96399752,1,3.9337823,3.4155369,-1.2486744
Jordan,JOR,,,,,2298.0862,1838.889,2458.5337,2486.6096,2711.3315,2989.2751,3028.6792,3432.5583,3338.1965,3407.0559,3741.7019,4015.6855,4017.6443,3982.0559,3625.4224,3531.5303,3103.5198,2926.2825,2996.3965,2779.5474,2764.4419,2484.2554,2778.9221,2712.9126,3354.6035,3724.4636,4253.4209,4123.5654,4115.7188,4058.3689,4531.1445,4214.2676,4113.1289,4617.3389,4667.1274,4790.7837,3835.9253,3660.4214,3673.8845,3626.1243,3513.9275,3672.9226,3625.6355,3640.8474,3739.8901,3605.2463,3860.0205,4065.502,4361.312,4536.2358,5471.1289,6394.5991,7247.3047,7958.8003,9320.3389,10554.338,10614.14,11674.002,11807.083,11130.207,10663.561,10457.684,10088.105,10580.568,10844.865,10789.006,4242588.966666667,10671892,853471,0,2.6808698,2.1765711,-1.8404891
Kenya,KEN,1643.9808,1905.2682,1710.3495,1581.1816,1692.884,1743.9127,1753.7828,1785.0605,1748.9415,1650.299,1738.9978,1672.1246,1748.525,1734.6394,1835.7885,1873.9449,1996.4226,2008.9562,1936.5525,2000.6708,1792.743,1877.7672,1995.033,1983.3896,2133.9338,2067.4504,2029.9143,2187.1558,2277.8689,2193.9148,2226.3081,2186.1978,2177.3225,2215.3674,2282.3682,2245.7778,2337.3232,2283.0342,2335.4775,2280.5957,2314.9226,2289.481,2166.9836,2224.6921,2483.4678,2319.676,2348.0977,2324.1121,2272.3665,2233.9749,2150.2163,2180.0522,2068.823,1974.1195,2007.8159,2093.7253,2248.7551,2328.8931,2348.9912,2425.5322,2608.519,2757.1055,2919.0146,3051.3423,3285.2981,3538.2283,3722.6748,4044.9116,4127.8296,4236.668,24937447.95,51202828,7695306,0,.90776682,1.520715,-2.3953068
Lesotho,LSO,,,,,,,,,,,1021.4302,1017.6111,1152.4762,1264.4597,1331.3311,1330.4617,1383.495,1458.38,1430.542,1401.298,1434.7484,1312.7318,1578.7141,1908.8944,2003.8358,1935.2979,2214.4045,2383.7715,2579.9233,2333.0342,2064.5159,2087.0381,2123.7068,2010.5601,2021.3737,2020.2097,1936.5029,2008.6007,2240.9773,2386.3708,2404.6335,2422.9668,2348.4326,2537.032,2472.0566,2548.1997,2752.0222,2788.2439,2403.7263,2417.4946,2454.0264,2607.8137,2642.6309,2679.8435,2691.1995,2771.7478,2838.2239,2745.5413,3062.158,2988.5417,2692.5435,2726.6133,2954.8572,3054.4631,3212.4592,3382.4414,3232.3171,3033.479,2682.2034,2694.8701,1606253.766666667,2209414,736507,0,1.9438604,1.6579088,-2.927412
Luxembourg,LUX,14919.361,15737.449,17184.961,15372.109,14855.749,15821.893,17343.756,17834.363,17158.766,17080.227,18467.475,18254.885,17689.723,17681.902,18909.072,18992.67,19168.236,19881.859,20885.209,23684.152,23633.424,22631.674,24102.295,26630.957,28157.404,24126.014,25531.139,25630.174,26923.941,27806.582,28116.154,26984.379,26985.086,26846.723,26482.469,26308.791,30128.865,30807.178,33786.363,37509.531,38945.746,42679.285,42778.449,45307.543,47157.141,46934.922,47193.207,51031.633,54626.34,60363.395,66585.977,62035.969,59912.57,57764.754,53136.387,66100.273,64797.258,68275.547,66359.656,60593.629,67784.188,66803.414,68756.313,65823.289,76519.352,82382.438,86516.094,90597.547,88604.07,90479.406,413399.7333333333,620166,313886,1,2.5531125,2.7300088,-.032604735
Madagascar,MDG,,,,,,,,,,,1609.1785,1648.1664,1689.9932,1655.2693,1648.6281,1596.8601,1640.1215,1681.0325,1779.9628,1806.6989,1870.4811,1897.3413,1806.0222,1701.8558,1658.2151,1618.3119,1590.7915,1572.1006,1501.5496,1566.9484,1546.6405,1457.8478,1434.4271,1462.3719,1467.4402,1494.5985,1740.9473,1551.2799,1495.9714,1408.77,1423.8962,1293.9891,1217.8358,1206.9618,1170.8748,1174.5333,1195.0319,1207.5371,1232.3171,1258.1376,1269.4547,1303.8961,1165.6875,1273.0856,1347.7919,1391.3483,1429.0686,1445.6991,1583.9712,1535.5137,1652.3534,1758.6234,1760.0046,1708.0085,1648.2905,1643.5133,1676.6515,1632.0601,1544.0632,1539.063,13621593.81666667,28219558,5111034,0,.17428419,-.075479969,-2.472892
Malawi,MWI,,,,,770.297,803.72101,844.34344,892.88464,889.12634,845.31482,899.36212,899.3642,895.27362,888.06622,864.37665,976.60895,1096.7731,1096.1475,1089.4487,1137.7822,1146.9857,1270.8193,1359.8124,1295.6934,1344.196,1370.7297,1342.7197,1313.6918,1327.7742,1269.2446,1267.7512,1282.022,1316.3142,1385.2129,1437.9813,1544.4951,1370.787,1232.4524,1113.8799,1145.124,1061.9098,1113.9692,977.50568,1047.2645,1214.8795,1154.6603,1094.4213,1177.9026,980.36853,990.67676,954.17859,856.27875,1013.1568,1024.0898,1150.7426,1200.087,1218.9154,1432.0919,1623.2701,1196.9756,1159.4869,1192.2114,1081.9175,1206.1454,1081.6387,1124.0508,1084.6626,1147.5176,1135.2921,1161.3806,9467024.699999999,19025748,3628136,0,.55423504,.43429458,-3.0546854
Malaysia,MYS,,,,,,2431.7617,2522.0889,2506.759,2435.1902,2536.1992,2690.4031,2858.155,2977.1055,3092.9111,3280.8254,3416.8757,3543.6829,3551.6479,3625.6663,3665.0684,3883.3384,4635.8828,4875.0156,5360.3262,5793.1685,5483.5532,5962.1328,6295.1094,6566.4155,6951.8701,7404.9971,7702.4521,7999.085,8291.5449,8706.6445,7855.6699,7072.2646,7407.9771,7862.2739,8485.793,9329.916,10076.065,10451.805,11117.896,11731.379,12752.089,13556.125,13890.785,11568.118,11857.314,13385.826,12923.659,13435.977,14028.735,15080.205,16883.428,16887.713,18299.684,20175.873,18632.186,19924.387,22259.436,23680.811,24149.773,23988.039,23256.721,23426.953,24159.168,24924.949,25735.309,18672596.91666667,33440588,7956200,0,4.2303162,3.9016006,-1.9589248
Mali,MLI,,,,,,,,,,,776.59784,759.32928,742.29272,713.89929,564.52911,601.81628,588.80408,596.87604,632.77014,635.19708,660.07562,673.14606,580.46179,587.53247,573.67651,616.85559,673.46179,687.32178,670.5863,751.96765,713.92328,799.74219,854.50085,832.77148,778.43677,1003.8789,993.90375,891.38318,750.88885,764.24237,749.7677,800.8988,722.42957,745.08734,731.20605,973.89197,1206.5997,1270.6154,1292.2141,1354.6953,1380.9473,1471.3109,1452.6434,1567.0706,1408.7047,1467.4871,1612.9946,1591.8174,1693.3593,1974.575,2017.8123,1988.0868,1909.7675,1942.9255,2041.3866,1987.0233,2165.8777,2240.447,2374.083,2446.2075,10459317.76666667,21068406,5402549,0,1.8602387,1.9637299,-3.2014484
Mauritania,MRT,,,,,,,,,,,2018.1348,1978.538,2219.3313,2057.6106,2767.8726,3174.2114,3115.9207,3425.8254,3906.3098,3608.5728,4019.988,3962.5464,3974.0105,3729.9263,4033.0032,4420.0229,4663.6382,4476.668,3830.0085,4052.9492,3907.9526,4009.1125,3680.1545,3605.647,3417.9114,3369.3516,3354.3926,3382.8704,3378.6135,3330.3469,3229.0403,3214.9565,3289.0698,3439.5308,3529.8088,3361.7781,3572.4348,3292.4946,3339.2522,3272.3584,3186.7036,3062.9712,3156.3757,3252.0417,3626.7964,3666.4651,3858.7742,3914.8733,3848.0791,3794.6167,4468.001,4535.4854,4403.5103,4763.6836,4307.874,4392.7588,4473.6323,4935.1816,4725.5732,4676.1816,2162909.166666667,4467714,824307,0,1.6004335,1.4344419,-2.2464421
Mauritius,MUS,5205.5049,5212.8101,5185.0039,4941.8408,4720.6431,4806.7734,4805.5151,4880.4629,4621.397,4676.2686,4113.9785,4470.917,4734.0439,4751.0225,5281.209,4850.3423,4854.9829,5141.4102,4107.5127,4085.1672,4868.2642,5109.123,5256.6191,5463.6348,5351.9521,5306.1299,6945.7759,7143.6133,7214.6621,6713.5762,6689.5918,6874.5713,7011.1123,7069.1177,8116.0088,7834.6948,8453.1514,10437.358,10521.875,10940.205,11846.35,12521.868,12847.364,13506.218,14134.569,14867.98,16621.65,16413.287,16652.344,16476.227,16539.104,16063.076,15961.274,15697.031,15586.288,15024.487,15771.482,17298.73,17349.801,16718.84,17088.406,18954.357,19543.262,19607.258,20028.928,20134.156,21841.797,22267.203,22654.246,23437.75,1056033.766666667,1286269,680332,0,3.0406919,2.9929965,-1.5342252
Mexico,MEX,5064.5552,5332.2856,5401.7485,5171.1128,5574.5737,5857.6445,6072.3789,6330.5977,6442.1177,6404.3335,6676.6885,6648.7002,6688.8955,7078.6167,7782.8726,7951.686,8184.5361,8366.5205,8798.2539,8885.1934,9180.8682,9303.4785,9787.7002,10298.846,10642.34,10928.391,11242.499,11393.507,12144.773,13109.692,14127.015,14891.229,14380.749,13198.649,13302.488,13072.401,12007.635,11930.41,11692.257,11889.863,12382.703,12630.54,12845.684,12747.229,13056.868,12184.501,12283.149,13003.718,13815.467,14059.859,14849.223,14646.398,14265.164,14228.521,14894.119,15638.168,15983.76,16249.967,16461.701,15710.421,16873.336,18200.082,18862.564,18710.57,18637.203,18518.387,18913.807,18939.904,19200.268,18736.527,81739426.43333334,125762976,36724612,0,1.985741,1.7642859,-1.0499936
Morocco,MAR,1387.2644,1359.054,1412.623,1404.1055,1442.2584,1390.5052,1385.0537,1335.0502,1382.75,1408.162,1398.9199,1748.6622,1951.7324,2227.969,2312.6382,2220.6682,2091.6584,2103.9082,2190.1582,2382.4165,2208.9553,2310.4661,2317.8035,2334.6697,2464.7485,2546.6133,2762.6091,2785.9829,2891.2888,2995.4189,2952.8308,2931.5547,3207.5452,3352.5264,3551.1257,3815.4817,4125.105,4154.6846,4538.2295,4548.4233,4546.292,4981.1411,4926.6528,4906.9033,5409.1533,5263.4424,6074.2617,5563.501,5535.1978,5239.0044,4984.9692,5038.877,4916.895,5038.5156,4968.7354,4880.0801,5234.0981,5459.0171,6071.832,6548.8652,6897.9429,7624.126,7691.6621,7642.4927,7204.2603,7604.1436,7520.1714,7591.1289,7752.627,7923.9307,23777616.65,36210908,11624932,0,3.3806267,2.9829237,-2.6129153
Namibia,NAM,,,,,,,,,,,4204.3135,4100.1777,4555.4355,4732.7417,5218.2852,5287.9854,5431.2344,5283.5933,5322.6099,5552.9277,5855.5093,5980.2285,5910.7832,5960.8335,6204.9966,6175.5234,6125.7241,5977.4629,6026.2031,6176.1748,6340.8257,6324.9673,6357.8159,5973.8315,5984.9395,5944.2212,6012.9849,5921.8633,5699.2427,5668.043,5062.8765,5452.5669,5578.1479,5600.0737,5547.6943,5657.3262,5870.3735,5892.8042,5961.8589,6077.2852,6176.4526,6266.5488,6440.5117,6352.9839,6827.2192,7330.709,7915.397,8090.0068,8809.4023,8456.0908,8970.7637,9607.4102,10300.408,9976.1865,11200.09,11041.704,10507.842,9921.8799,9473.2627,9353.127,1417601.966666667,2650500,591471,0,1.6336389,1.3644789,-1.5125048
Nepal,NPL,,,,,,,,,,,761.83588,749.23438,757.8338,752.66498,818.42346,791.22522,836.28143,799.18988,788.30286,815.34723,846.07153,810.21307,823.62061,795.9671,815.71741,810.88519,826.55908,827.72308,841.39691,863.92535,804.27454,871.8905,903.03314,918.15704,960.36456,979.39825,1020.0691,1014.0082,1069.532,1133.1582,1137.8658,1204.0892,1189.3293,1248.1986,1465.9276,1528.8193,1626.9994,1595.658,1511.2021,1479.8984,1485.4597,1392.387,1366.9335,1484.0645,1422.6223,1422.8258,1481.4969,1560.5021,1702.9414,1915.5867,2118.272,2321.9221,2554.7559,2674.5566,2849.1494,2829.8501,2930.8179,3278.1589,3466.9692,3631.0178,19644463.98333333,28414066,10123663,0,2.2091851,2.6820085,-3.2206399
Netherlands,NLD,9007.3623,9298.8477,9415.7373,10065.209,10535.699,11280.051,11575.108,11846.341,11641.03,12127.421,13113.135,13240.119,13629.312,13537.519,14872.658,15301.046,15368.931,16021.928,16874.313,18204.072,19090.383,19911.338,20482.219,21831.9,22989.105,23108.594,24106.871,24367.543,24841.381,25255.449,26173.992,25294.805,24475.873,24419.023,24767.418,24075.873,25028.982,25144.99,25964.035,26902.656,28432.918,29128.871,29365.768,30104.893,30778.459,32155.631,33305.762,35467.707,36453.566,39085.129,42616.637,42938.492,42863.039,42688.301,43293.613,48942.477,50002.719,53258.063,55246.902,50439.02,50553.598,51588.309,52656.027,54954.078,52230.891,51664.715,51435.762,54233.449,54921.648,55569.441,14891686.23333333,17537506,11486909,1,2.7220371,2.4776869,-.3750014
New Zealand,NZL,11963.813,10779.251,11027.631,11131.261,11969.846,12163.165,12207.592,12454.825,12605.587,12927.336,14358.214,14852.987,14933.232,15467.823,15829.946,16518.58,17280.469,16251.157,16054.55,17540.982,16909.846,17446.904,18072.215,19089.055,19477.945,18867.777,19234.674,18402.932,18249.225,18139.514,18241.316,18732.959,18761.359,19685.424,20427.186,19984.455,21285.105,22114.449,23043.379,23056.01,23036.617,22237.072,22482.072,23766.602,24903.42,25871.375,26873.715,27581.033,27843.195,29434.182,29589.344,30121.984,30559.318,31083.648,30939.174,31823.973,31891.816,33771.051,33758.484,33797.086,34903.133,36292.402,36036.375,36690.316,37205.359,37060.945,38738.773,39728.855,40128.211,41522.477,3537187.416666667,4989412,2379483,0,1.8348384,1.816147,-.28429362
Nicaragua,NIC,3635.6484,4033.0144,4523.0664,4634.8491,4882.4116,5091.7935,4923.3159,5174.4146,5052.3164,4987.6719,4851.6992,5047.6196,5532.1011,5848.8452,6383.2236,6964.3555,6849.4849,7117.5039,7006.918,7140.5771,7060.5693,7119.3369,6750.4355,7472.0171,8408.5898,7457.7979,7811.9551,8818.29,7098.4849,4283.2563,5681.7319,5855.8413,5457.936,5694.5298,5577.6069,5565.9321,5212.5024,5330.3335,3912.7607,3511.0037,3537.7476,3537.6482,3436.5547,3260.1873,3386.7668,3521.3818,3626.3523,3717.2358,3840.3413,4005.3787,4033.3044,4049.7041,3973.5537,4003.177,4092.6555,4306.813,4301.6465,4450.8379,4567.6216,4367.1304,4466.5146,4676.1929,4794.1655,4840.0674,5079.5557,5300.7627,5536.5967,5654.6304,5232.6538,5024.2754,4084732.616666667,6483660,1782371,0,-.072218433,.059258644,-1.3692868
Niger,NER,,,,,,,,,,,2008.3547,2100.1304,2273.2979,2418.6572,2341.762,2383.3455,2303.7478,2294.884,2284.0781,2062.3633,2124.3464,2131.2278,2005.7504,1673.042,1802.6085,1598.72,1681.7506,1831.2332,1883.8491,2049.5913,1954.8835,1810.8234,1781.5747,1694.8641,1281.2731,1345.5496,1313.9994,1282.6211,1244.8372,1191.0474,1210.1617,1177.3971,1129.103,1094.7175,1076.4741,1123.6465,1080.9954,1056.9218,1131.9476,1106.8685,1036.8898,1089.2837,1106.1584,1107.5525,1030.2905,1036.2706,1055.6915,1039.9606,1081.9208,1080.0107,1190.5724,1131.7478,1208.476,1170.2283,1194.3004,1191.8284,1147.8324,1128.3477,1188.8394,1210.8782,9862594.083333334,22947764,3505057,0,-1.118313,-.85390955,-2.2512999
Nigeria,NGA,1799.9221,1769.1423,1744.0383,1788.4983,1933.7255,1834.3895,1712.395,1643.6693,1693.0754,1823.3486,2001.772,2039.7079,2087.7527,2142.7012,2081.6824,2284.2544,2230.9011,1873.9387,1824.5787,2197.4375,2900.2532,3136.9658,3278.0081,3815.0623,4069.5261,4040.2229,4140.0776,4480.4897,4520.0234,4576.6475,4807.376,4411.4473,3746.5696,,,,,,,,,,,,,,,,,707.91626,941.47522,998.49536,1261.6782,1643.9158,2163.4158,3456.3408,3955.1292,4276.3486,4314.6997,4471.6768,5035.7593,5234.2905,5303.8218,5541.9263,5730.0142,5576.2925,5327.9292,5060.9785,5177.499,4983.6753,106328680.15,209485632,45053788,0,1.9025756,1.5580035,-2.2545831
Norway,NOR,9826.6143,10246.801,10648.959,11062.436,11237.178,11486.549,11813.063,12259.225,12060.635,12268.726,12448.908,13045.534,13182.25,13531.33,14254.884,14929.269,15334.514,16158.051,16619.059,17136.207,13790.824,14770.556,16221.474,16606.527,17902.807,19913.449,22265.455,22886.102,24688.646,26166.289,27764.758,27909.139,27530.096,28735.143,30379.668,30526.918,29406.348,30044.559,28691.742,29728.449,32764.594,32687.063,33537.234,33683.602,34806.59,37309.195,41733.711,43845.07,41572.941,46062.18,56381.223,56772.672,54437.688,58280.91,61862.293,76282.555,82402.68,82926.922,93274.219,77867,83524.734,90686.547,94650.805,91533.164,84909.969,70778.648,67263.195,69604.789,75245.914,73668.789,4328238.033333333,5347735,3581119,1,3.9704757,3.0593328,-.42698288
Pakistan,PAK,1381.4801,1375.2395,1319.5555,1344.0159,1324.266,1273.9102,1331.0956,1300.2577,1271.0206,1335.7048,1308.8778,1329.9052,1380.2258,1435.7209,1504.5687,1605.902,1726.1285,1712.7838,1754.6998,1844.4484,1972.8506,1960.2056,1953.5576,1999.8323,2020.9501,2036.954,2084.9021,2084.2717,2157.7144,2181.6064,2266.4963,2328.2283,2364.1052,2431.8967,2490.6589,2563.7229,2559.0054,2640.1499,2739.5498,2781.5779,2764.075,2693.3384,2785.7932,2797.3147,2756.6943,2844.1104,2929.303,2841.4192,2880.3252,2870.1143,2879.3796,2829.9724,2881.1455,2904.5984,3076.1675,3334.0825,3591.6812,3776.2563,3911.9106,4040.5366,4204.3774,4465.3408,4508.8867,4434.1782,4487.1455,4649.5283,4587.1802,4743.6899,4957.3164,5026.2085,123346038.9833333,230800912,45709312,0,2.4354095,2.3067036,-2.6794457
Panama,PAN,2169.8794,2093.1404,2197.7605,2297.7356,2385.5745,2494.9851,2528.8975,2727.7644,2706.8184,2800.6697,2888.1548,3114.8833,3288.9431,3452.0007,3524.0208,3733.2336,3905.333,4151.3574,4324.6763,4585.8896,5322.8481,5752.9214,5940.6641,6068.9595,6239.6787,6188.1387,6076.9907,5881.2964,6185.9116,6283.8564,6774.9336,7134.437,6950.9009,7230.4272,7016.9131,6655.5693,7230.4712,7624.9238,6661.9492,6565.7065,6951.8916,7586.668,7968.5127,8132.2944,8183.4072,7965.124,8275.6094,8972.1318,9551.4033,9670.3896,10030.54,10025.104,10359.59,11373.855,11404.923,13825.336,14851.861,13690.339,14888.188,15173.578,16334.601,18371.814,20502.666,21937.141,23684.98,24786.473,26693.416,29459.16,29920.34,29879.904,2515714.583333333,4234699,1126004,0,3.694452,4.0397501,-1.887998
Paraguay,PRY,,2400.8584,2262.9805,2090.7708,2231.0676,2361.1741,2365.9885,2284.7329,2374.1704,2349.8101,2345.6484,2433.1853,2377.4023,2440.9929,2459.8352,2546.8848,2488.5198,2615.6699,2626.7244,2694.5251,2833.6868,2924.8081,3048.9326,3135.9294,3249.5435,3320.3582,3479.2551,3802.3679,4090.0371,4254.0498,4648.9658,5022.7002,4875.3232,4679.377,4653.8193,4671.1924,4459.2876,4569.5127,4767.3452,4869.812,5233.1987,5246.4219,5277.4873,5419.332,5594.0981,5732.6489,5718.5835,5757.7593,5850.6387,5484.5342,5208.9824,5397.5947,6900.7671,7130.4629,7358.9048,7434.9258,7810.5986,8203.6279,8691.8984,9207.959,10500.25,11502.423,11276.215,11698.768,11972.812,11727.364,12007.704,12347.542,12377.313,12319.808,4048624,6515060,1883516,0,3.1667461,2.8511541,-2.0960538
Peru,PER,2250.3943,2365.3691,2437.8774,2501.3958,2597.7883,2666.491,2686.6558,2825.9597,2719.2981,2703.1074,2903.3362,3022.7847,3197.5747,3281.8306,3400.363,3522.4773,3682.9868,3759.678,3646.2227,3715.8311,3822.3206,3947.4807,3941.9817,4164.0845,4414.8804,4512.5752,4431.9443,4252.4165,4022.7449,4003.5979,4275.3647,4517.3174,4441.6572,4016.4761,4093.1025,4007.1255,4506.5928,4936.5361,4575.1016,3734.9497,3700.6125,3785.0408,3798.636,3983.6047,4564.2563,5024.6563,5212.2085,5464.8857,5261.916,5175.4785,5241.1553,5204.9727,5464.4907,5745.8608,6147.0942,6727.8379,7547.1685,8302.5176,9017.7969,8962.9785,10113.219,11022.33,11566.978,11749.854,11764.07,11662.247,11747.658,11956.625,12158.256,12236.712,21449855.45,32449300,10174127,0,2.650322,2.4682403,-1.8827553
Philippines,PHL,1477.5818,1473.5881,1564.318,1693.8206,1766.1429,1855.7346,1869.4685,1931.1437,1944.4689,2080.2446,2024.0106,2060.0229,2151.5845,2213.8293,2193.7256,2226.5186,2250.8093,2233.208,2308.5745,2365.6123,2449.7456,2534.5444,2613.1045,2760.9226,2858.6421,3032.1746,3143.7678,3164.0703,3279.5508,3266.7937,3493.8743,3567.647,3647.2795,3581.968,3263.6243,3008.2009,3108.9236,3340.9497,3606.8936,3837.3877,4103.0791,4092.4829,4187.6401,4349.9282,4741.4224,5121.7134,5470.8286,5259.2334,4727.5693,4508.3901,4540.9434,4485.0801,4454.3926,4472.4077,4514.1797,4605.2607,4742.3433,5020.0376,5260.8774,5374.6123,5814.083,6237.9414,6586.1475,6724.5034,6885.6484,7088.7803,7557.3813,7858.4766,8229.168,8448.5332,64963707.96666667,110804688,27891900,0,2.2315328,2.4514503,-2.2435348
Portugal,PRT,2978.4143,3302.6641,3421.8357,3571.5,3700.9993,3813.1431,3955.5044,4098.0449,4101.8687,4299.8218,4576.5366,4831.0771,5178.2754,5441.7041,5632.2896,6021.0039,6183.9189,6658.6616,7553.1367,7796.1685,8419.9102,9005.415,9621.1875,10528.595,10550.307,9862.7363,10318.213,10745.085,10867.884,11283.222,11608.852,11427.951,11406.384,11108.897,10674.974,10834.543,11894.004,12861.183,13939.07,14899.431,15835.435,16521.299,17039.486,17408.895,18475.4,19151.791,19605.051,21154.281,22217.99,23547.527,24812.988,24602.002,24562.98,24338.291,24246.072,26620.916,27802.342,28355.006,28234.168,27659.717,28848.957,28366.145,28407.574,27645.287,27811.789,28654.186,29452.104,30430.031,30923.975,31796.801,9811612.366666667,10343218,8873224,1,3.6417115,3.3400302,-1.4276732
Romania,ROU,,,,,,,,,,,1517.1484,1655.2675,1803.1816,1936.9294,2045.0874,2234.9363,2340.7141,2583.7588,2704.4116,2851.6755,3001.7949,3355.6697,3686.1099,4035.5098,4452.0376,4825.7476,5453.1753,5814.8721,6207.2671,6712.9111,6856.4248,6746.2495,7032.6045,7270.2041,7491.7354,7819.7847,8073.3145,8220.165,8375.791,8025.4858,8187.8477,7494.8823,7127.167,7364.8813,7849.4565,8441.6484,8942.082,8523.6104,8288.0811,8316.2197,8579.4922,9329.0771,9709.6973,10250.483,11500.137,11938.75,13755.002,15591.713,18339.736,17999.645,18466.545,18560.094,19638.709,19739.795,20324.879,21573.496,22819.523,25424.059,26494.797,27888.359,21059355.7,19501544,18313498,0,5.0327053,5.0583129,-2.5317833
Rwanda,RWA,,,,,,,,,,,1039.691,989.35449,1087.5647,950.98328,831.52594,861.22424,907.07349,939.71063,981.42059,1051.1891,1102.464,1064.5186,1085.7373,1101.507,1095.663,1068.2023,1198.1915,1201.5674,1207.6052,1311.5704,1282.1947,1417.5063,1326.2959,1359.2468,1244.5856,1255.9312,1256.3287,1159.5751,1122.5972,1178.5283,1125.25,1017.5144,1144.1713,1114.7573,540.06781,681.24902,821.26019,926.91364,955.75659,943.30884,958.97272,1012.6837,1152.9174,1143.5204,1228.1973,1308.7274,1419.4016,1445.7468,1461.0057,1519.4196,1625.8533,1734.1481,1792.5505,1787.6578,1895.9352,2016.8105,2058.7534,2067.8862,2191.4241,2279.5068,7017279.25,12776104,3022299,0,1.0081711,1.3394601,-2.9096923
Senegal,SEN,,,,,,,,,,,2868.1331,2800.4656,2747.6543,2707.3694,2694.0984,2651.5142,2722.752,2630.2747,2609.3853,2287.1853,2422.0859,2360.3533,2376.1421,2214.3132,2355.9556,2370.6055,2492.6133,2436.6733,2342.1406,2463.2131,2315.4685,2315.8601,2659.6174,2742.8064,2821.2048,2973.0703,3005.7544,2971.1931,2980.3335,2938.5688,2876.1143,2732.6985,2668.9558,2542.6404,2581.7009,2543.2971,2860.2598,2806.3489,2722.158,2892.4941,2781.177,2840.4688,2803.7166,2751.1931,2753.9924,2919.7808,2877.9138,2975.1343,2923.1748,3037.0022,3103.9885,3099.5505,3168.3057,2990.8467,2989.1841,3069.6384,3100.384,3135.1714,3191.4736,3247.833,8299355.133333334,16352926,3340901,0,.15226443,.21094538,-1.8949544
Seychelles,SYC,,,,,,,,,,,6555.8862,6407.394,6720.5122,7233.8037,7606.3823,6856.0688,6515.1411,6864.4517,7913.502,7169.7935,8990.584,14937.593,15609.517,15993.709,15272.812,16424.447,18996.471,16861.971,20565.018,24029.365,16904.91,15023.242,13001.54,13752.199,14791.986,14503.631,13749.582,16726.82,17427.502,19251.994,19622.146,19854.092,19546.164,22323.463,22906.961,20380.885,21155.422,22899.779,21590.629,22322.863,23785.512,20979.598,21258.148,20785.072,16701.25,21149.338,23304.953,27271.533,16968.395,20003.227,20765.438,23981.379,25226.477,23460.268,25113.523,23875.107,20644.574,23278.049,25222.797,27783.162,75049.88333333333,117662,43249,0,2.5755787,2.4777699,-1.0682524
Singapore,SGP,,,,,,,,,,,2764.5308,3142.4568,3564.5398,3960.3472,3972.3452,4186.4487,4642.9761,5203.2168,5654.125,6453.5405,7215.8315,8224.2021,9076.6875,9826.2891,11074.173,11644.375,12925.51,13817.616,15793.484,17976.994,19827.225,19565.764,20167.813,21807.148,23792.918,20812.953,21324.809,23697.836,25191.383,25396.342,28637.943,26684.037,25742.709,24233.857,22379.861,22475.355,27313.492,27837.715,30763.514,31027.729,40524.945,39372.32,42400.691,40541.879,46068.426,62080.613,67376.328,71296.602,62610.477,58718.648,71970,75916.234,75062.594,71907.523,76938.242,75352.242,75539.906,81444.789,82761.758,82336.344,3350141.25,5669562,1619328,0,6.7112145,5.9211154,-1.9317449
South Africa,ZAF,5967.939,6069.2856,5532.0034,5957.4551,6314.5298,6408.5469,6645.6987,6864.9175,6710.7744,6641.7627,6773.0405,6882.5776,7013.7168,7403.9111,7712.5542,7941.853,8081.2583,8448.6602,8501.0635,8869.9824,9138.1582,8950,8977.6865,9874.9121,10185.377,9941.9785,9708.4961,9272.3281,9443.5908,9572.7617,10303.696,10525.281,10388.187,10184.556,10191.126,9783.8018,9462.4814,9830.1338,9874.4287,9716.6904,9511.4795,9244.7285,8836.1855,8808.7959,8929.7236,9211.5273,9485.1348,9579.1533,9515.998,9484.5059,9835.7285,10054.936,10455.937,10534,10985.227,11681.897,12412.51,12991.569,13103.29,12561.623,12896.751,13401.342,13223.486,13105.894,13029.222,12932.482,12695.811,12735.031,12671.332,12536.135,38007740.18333333,59587880,16440173,0,1.3470404,1.0489637,-1.0356656
South Korea,KOR,,,,1111.5625,1141.8311,1211.2332,1214.7806,1290.2646,1300.2332,1284.9663,1256.0479,1303.515,1274.5431,1379.2559,1461.6118,1499.8173,1661.8096,1712.5852,1869.6484,2080.5386,2210.7944,2555.8977,2828.416,3394.6018,3970.3171,4501.7158,4828.4072,5193.6094,5601.895,5811.6382,5414.4873,5684.2197,6005.4531,6659.8794,7216.811,7476.7012,8715.1162,10018.211,11299.439,12383.354,13819.284,15553.149,16631.232,18052.414,20168.615,22422.609,24838.928,24159.881,21078.75,23243.521,24834.428,25421.316,27263.982,28216.994,29892.195,32088.42,33109.707,35007.512,34997.27,33631.828,35927.84,35839.074,35776.125,34785.422,36241.836,38249.121,39214.762,40875.211,41392.887,42219.469,41459762.86666667,51767844,26115390,0,6.7914014,6.1385117,-2.7206457
Spain,ESP,3857.8716,4507.4575,4685.7798,4473.2207,5010.6572,5236.1006,5570.1621,5758.3735,5947.9395,5759.5068,6368.1069,7055.6885,7679.2603,8340.459,8685.4512,9079.1279,9655.6016,10012.231,10581.901,11453.877,11811.078,12235.781,13088.277,13910.429,14417.375,14332.13,14832.615,15304.634,15600.997,15649.341,16096.194,15191.307,14606.472,14228.868,13930.655,13693.116,14528.374,15539.123,16606.143,17655.328,18580.336,19394.061,19818.441,20017.914,20803.611,21821.613,22539.303,24225.041,25756.809,26719.432,28207.709,28700.029,29265.547,29217.018,29781.826,32439.225,34817.586,36548.961,36635.129,34948.168,34567.598,34297.75,34080.395,33551.82,33744.027,35774.746,37270.555,38928.512,39610.012,40366.398,39407692.98333333,47435120,30404938,1,3.3566296,3.1794918,-1.0973135
Sri Lanka,LKA,2800.7437,2950.761,2741.9856,2716.2461,2822.8167,2976.9436,2704.2405,2743.1926,2803.0408,2873.6414,2969.9832,2863.1794,2983.4006,2810.6992,2912.3984,2821.499,2985.5698,2945.1677,3129.9482,3271.4097,3309.1846,3228.813,3262.8782,3393.5364,3516.717,3363.0854,3069.9561,2924.1802,2884.5217,2598.8635,2563.6716,2723.8613,2663.8147,2674.9978,2706.1443,2870.1282,3049.3821,3152.1211,3186.0613,3271.4441,3358.0063,3393.9595,3617.9858,3880.0085,4141.5361,4203.3223,4390.3633,4563.9736,4893.9829,4873.6226,4912.5728,4879.7632,5168.1528,5551.064,5710.2783,5823.6094,6428.145,7012.6309,7534.1147,8348.8203,9202.4375,10294.875,11349.773,11624.573,11732.652,12045.038,12556.947,12733.1,12986.397,13290.122,16510214.55,22410552,9661385,0,2.4673793,2.5722978,-1.8600595
Sweden,SWE,10465.071,10705.488,10729.6,11055.628,11557.622,11804.636,12109.362,12258.869,12481.01,13132.344,13470.279,14261.63,14746.922,15432.918,16430.748,16803.096,16935.936,17452.133,17964.949,18685.74,19770.752,19899.875,20334.42,21166.58,21581.623,21933.436,22027.904,21480.957,21946.127,22559.805,22666.727,23001.145,23228.395,23842.934,24991.523,25541.877,27296.867,28437.67,29438.797,30032.807,30300.877,29976.748,29555.936,28359.406,29923.697,31846.586,32804.719,33953.156,35369.711,37317.57,39777.262,38611.297,38685.711,39622.555,41318.496,42820.68,44403.988,47054.98,47859.117,44327.004,46317.094,49371.043,49126.625,48665.789,48693.203,50104.223,50485.5,52032.676,51773.867,52433.336,8640766.300000001,10279122,7484597,1,2.5795288,2.3302214,-.34813008
Switzerland,CHE,16251.646,17530.914,17262.115,17711.188,18740.598,19953.736,21136.281,21586.766,20471.145,21818.35,23249.107,24572.082,25068.27,25664.082,26737.006,27104.668,27506.021,28115.781,28823.641,30071.387,31793.943,32815.645,33615.141,34381.945,34696.125,31364.006,31012.902,31729.449,32379.328,33603.816,35278.707,35218.691,34882.918,35015.527,35236.305,35892.363,37812.402,38351.875,38879.234,40385.945,42263.762,41264.395,41095.391,41259.668,42003.164,42405.102,42729.137,44320.637,45515.742,46944.188,47393.051,47028.965,46924.52,47516.754,48953.258,52752,55952.027,61161.113,65000.883,63229.723,64724.32,70466.367,71807.031,70778.492,71761.328,71452.906,72050.641,73624.984,74621.133,75298.82,6858758.766666667,8577526,5327776,1,2.1980617,2.0118306,.19765095
Syria,SYR,,,,,,,,,,,2598.1777,2662.6548,3368.501,2838.7534,3445.2053,3331.9587,2894.3516,3155.8872,3191.3938,3683.1648,3591.2021,3818.0649,4620.4668,4081.8467,4937.6631,5675.6714,4792.2808,3412.1169,3100.4014,2678.0247,2561.8628,,,,,1957.272,1756.1827,1599.0161,1625.9893,1512.5658,1464.131,1258.635,,,,,,1230.1731,1341.4377,1424.2871,1739.5342,1965.3295,2404.0623,2895.448,3962.4417,5889.3901,5537.8784,5684.9146,5792.876,5725.2539,6208.3945,6367.3892,5455.4517,4930.4639,5466.561,5714.9199,,,,7210.5469,12927190.53333333,20353536,4673501,0,1.7731431,1.7451106,-1.9938054
Taiwan,TWN,,1620.7471,1800.9791,1923.3008,2027.8177,2102.3362,2190.9968,2299.0725,2385.8496,2512.2249,2606.6375,2748.3496,2853.0125,3034.3022,3318.7283,3663.0327,3841.6636,4243.8433,4599.3413,4869.8145,5360.2041,5955.1528,6652.8545,7464.126,7759.9199,7640.2861,8653.1787,9238.918,10388.161,11206.766,11882.245,12403.079,12563.418,13273.74,14215.186,14179.154,15973.428,18220.094,19355.5,20854.568,22476.164,23741.426,25271.502,26436.213,27357.787,28481.734,30148.029,31668.631,32852.164,34010.832,35558.93,34288.801,35205.07,35919.211,37617.125,40211.387,40526.484,41674.094,40047.633,38293.867,41677.895,43284.258,43634.211,43225.449,44624.938,44206.371,43836.172,45375.402,45612.23,46761.25,19358327.33333333,23674136,11046262,0,5.6638565,5.014904,-1.9905547
Tanzania,TZA,,,,,,,,,,,1161.4685,1159.6581,1235.4487,1288.0676,1446.3667,1419.2965,1481.2219,1517.6156,1574.1365,1598.0135,1676.8848,1704.2465,1741.5009,1812.2804,1819.2181,1899.053,2021.95,1905.9738,1896.0154,1884.1433,1739.4127,1497.8091,1467.3827,1504.3939,1548.8845,1716.8428,1129.7528,907.89063,1153.197,1075.9503,1094.8287,1075.0016,988.69037,912.10748,876.22058,923.05133,957.90845,1031.452,1091.6255,1137.4081,1186.7374,1256.266,1342.6566,1399.6641,1448.066,1594.942,1720.4012,1836.2662,1962.7386,2046.7371,2284.5356,2613.5481,2381.5862,2403.5068,2352.7849,2468.4331,2404.3779,2300.1057,2318.2312,2358.761,28254658.8,59174888,9901421,0,1.6029539,1.208003,-2.7989306
Thailand,THA,1219.2501,1144.0663,1108.7451,992.12305,1047.7863,937.45874,953.79779,1046.6194,1043.9219,1120.3108,1205.7057,1243.5005,1274.0046,1320.2527,1387.7429,1501.5001,1702.9968,1697.0647,1766.3208,1896.1473,2486.4419,2540.8486,2578.0957,2731.4102,2768.1887,2836.4402,3014.5557,3267.7322,3516.0986,3641.6516,3736.9082,3879.2715,3950.7891,4087.3435,4233.8911,4299.1558,4294.9404,4595.9395,5043.6074,5437.5073,5926.1763,6233.3379,6842.0918,7366.1221,7955.1265,8935.833,9778.3564,8871.5693,7417.9507,7583.1431,7754.8379,7973.4849,8546.5527,9118.8945,9775.835,10626.438,11142.396,11842.095,12565.461,12314.047,13892.665,14623.642,16121.761,16157.032,15646.753,15575.195,15815.401,16665.379,16928.791,17116.309,52581895.78333333,71522264,26851750,0,5.0149813,4.5991812,-2.7615507
Togo,TGO,,,,,,,,,,,1238.234,1314.0376,1319.9995,1375.5249,1547.6357,1723.808,1847.858,1887.1837,1892.4492,2075.9958,1966.118,2028.4393,2060.4207,1975.5341,2111.9204,2012.8306,2012.9625,2345.9033,2606.9475,2690.5225,2424.6123,2121.6226,2003.6792,1777.7838,1652.201,1652.177,1661.0461,1596.2472,1777.7958,1746.3785,1899.938,1711.5516,1692.4188,1367.7499,1489.8362,1481.6042,1716.042,1821.1954,1533.0375,1636.7063,1490.2125,1452.2821,1475.4025,1479.0554,1424.0776,1338.2369,2293.9058,1294.8979,1236.9065,1252.2625,1297.4478,1395.0455,1564.8275,1632.3602,1755.0032,1937.6711,2044.9462,2051.678,,2235.2266,4270513.95,8463068,1673116,0,.23407918,1.0061405,-2.7349296
Trinidad and Tobago,TTO,6108.856,6583.6309,6753.7686,6832.5884,7058.7344,7776.7915,8420.0527,9047.5576,9742.8525,10195.471,10928.016,12403.596,12162.547,12956.706,13678.785,13286.245,13814.523,14528.933,15421.494,16716.188,16608.754,15609.509,17791.883,17445.896,17529.752,17550.479,19183.463,19981.354,21961.609,22427.672,23506.057,24200.697,24623.846,21539.248,19708.65,18251.221,15952.096,13949.773,12825.382,11849.924,12189.12,11836.742,11192.814,10427.858,10347.843,10363.36,10158.432,10338.003,10179.686,12015.735,14600.522,13814.56,14273.333,18370.721,20277.248,24625.355,29506.781,32177.518,37359.008,27754.578,31893.307,35802.52,35146.191,34756.574,33281.586,29230.359,26597.217,26099.359,27551.195,28643.447,1202136.816666667,1484898,844954,0,2.3541224,1.6466216,-.55728608
Tunisia,TUN,,,,,,,,,,,1871.8934,1898.7611,1885.9642,2032.9137,2046.0151,2083.9084,2117.6011,2075.8188,2200.5242,2243.9277,2886.9456,3077.9873,3530.1438,3487.1763,3785.4856,3968.5962,4136.9526,4233.1411,4389.9863,4591.9302,4946.6348,5106.1289,5075.3433,5254.9971,5427.4629,5510.4946,5380.7163,5636.4951,5770.1567,5918.9561,6227.7778,6351.8613,6937.3247,7301.7583,7819.8384,8370.4473,9456.3672,9399.9385,9169.9805,9019.6172,9209.7324,9309.3154,9135.332,9128.2715,9222.7959,9700.7344,10007.455,10596.723,11081.663,11440.045,12024.073,11746.1,11816.902,11290.616,11199.042,10798.313,10819.564,10910.07,11044.128,11090.384,8046864.516666667,11875085,4267298,0,3.6667449,3.0613968,-2.3216653
Turkey,TUR,3408.9294,4114.7651,4484.1563,4882.4399,4338.1289,4608.8799,4501.4194,5312.9502,5668.8945,5383.3765,5130.8682,5082.4038,5268.0254,5642.6606,5693.9033,5695.8501,6418.1279,6451.1636,6761.1304,6927.5796,7211.2603,7251.0835,7715.5493,7880.4077,8740.4521,9154.8643,9936.6143,9555.5195,9047.7656,8699.0713,8409.3975,9203.8232,8904.8008,9120.9258,9455.8232,9774.4844,10200.175,11135.623,11015.158,10813.674,11445.991,10758.978,11111.418,12049.396,10851.783,11844.704,12842.729,13296.911,13048.847,12271.654,13102.521,12617.92,12320.653,11893.271,13078.015,14305.218,16124.404,17354.523,18270.861,17457.613,19774.947,21790.711,22535.361,23663.619,24477.896,25759.299,25308.475,26611.184,27500.416,26947.576,55206967.95,85357672,28329894,1,2.8762925,2.8511055,-1.3133409
Uganda,UGA,909.65942,1104.1638,1013.2717,813.68353,864.50385,848.52179,836.80658,946.72266,884.45392,905.55145,867.97485,859.94525,855.53302,849.65814,894.70276,877.72473,899.98492,857.30151,878.01349,932.86517,1105.5073,1069.3455,1150.9282,1164.2828,1077.4282,1118.3683,1141.5238,1150.5592,1101.3717,908.18146,828.06854,848.1709,929.30939,979.32776,925.1991,870.19434,853.15802,882.13226,903.73895,898.03326,896.45203,884.68158,889.23401,901.85382,1170.7941,1148.7885,1118.6869,1144.027,1217.1014,1246.0573,1280.7323,1323.4889,1356.7524,1385.184,1422.1758,1521.9913,1577.8361,1631.8851,1708.3127,1831.6345,1946.5391,2054.6318,1923.2571,1896.2063,1906.1506,1986.3871,1901.3954,1927.2313,1992.5455,2092.1492,20099331.66666667,42999636,7640975,0,1.703941,1.5023333,-3.0902083
United Kingdom,GBR,10457.379,10759.39,10696.734,11204.896,11594.523,12021.088,12219.745,12400.649,12402.609,12756.472,13277.785,13502.723,13551.653,13989.652,14730.6,15018.666,15258.811,15526.915,16086.742,16329.385,16703.924,16915.135,17417.063,18581.949,17964.908,17617.301,18492.521,19375.945,20694.65,21871.568,22179.236,21716.842,21741.299,22223.566,22475.619,22813.941,23032.383,23998.707,24798.924,25105.535,25300.641,24466.111,24367.127,24975.395,25611.42,28073.4,29682.402,31371.133,32121.951,33362.672,35217.961,35888.945,35795.543,36378.227,37092.02,39429.309,39719.867,39250.949,40177.633,36955.32,39109.238,39317.527,40067.906,41322.348,41283.164,42629.234,42644.363,44093.934,44296.246,44274.957,58431812.16666666,67110960,52538548,1,2.1514003,2.0622077,-.36252344
United States,USA,15911.842,16814.244,17094.783,17586.408,17226.949,18205.357,18296.604,18360.441,17873.422,18855.439,19079.525,19246.521,20092.721,20687.402,21628.648,22745.727,23932.801,24255.711,25147.795,25697.338,25444.533,26055.357,27223.623,28641.65,28130.115,27739.982,29056.281,30150.48,31586.988,32332.086,31852.342,32363.209,31322.746,32433.318,34566.895,35481.77,36283.551,37202.922,38361.336,39332.738,39577.016,39048.797,40083.852,40852.215,42154.473,42847.785,44033.578,45489.996,46967.602,48561.875,50036.992,49912.227,50114.773,51065.867,52582.02,53969.164,55032.859,55561.863,54933.59,52871.707,53887.066,54379.754,55351.996,56144.172,57250.527,58543.563,59115.328,60116.57,61618.742,62589,256254828.5333333,337790080,180274560,1,2.0749118,2.0339227,0
Uruguay,URY,6526.4111,7585.707,7111.3096,7361.0913,8003.2632,8123.4116,7993.7231,8132.54,7595.2393,7258.9854,7470.1802,7475.1816,7465.9185,7232.2021,7426.6665,7337.6055,7547.3066,7244.7446,7289.0503,7707.1035,8187.6958,8210.624,7966.646,8148.9824,8295.7891,8600.1807,8669.5342,8544.5156,8936.0752,9681.5459,10248.935,10303.175,9195.9941,8173.5762,8066.832,7954.665,8980.6465,9935.6416,9807.6367,9805.0508,9663.7988,10108.862,11304.399,11638.081,12527.946,12355.193,13017.964,13053.823,13176.195,12399.738,11817.271,11256.09,10349.894,10257.761,10614.157,11229.846,11861.173,13070.946,14605.955,15475.951,17710.604,19352.547,19712.188,19969.344,20720.693,20543.252,20435.482,20615.557,20458.264,20545.422,3061353.316666667,3397205,2529964,0,1.8840078,1.7295647,-.9376967
Zambia,ZMB,,,,,,1341.6407,1479.9146,1647.7136,1572.0781,1737.5988,1838.1289,1842.408,1746.6328,1783.7516,1978.8351,2321.0203,2355.3481,2704.9956,2807.5483,2600.5676,2275.0798,2232.7922,2378.4734,2317.1433,2216.0349,2365.5378,2391.498,2016.0638,1843.4957,1730.7064,1598.3624,1760.384,1785.5258,1734.8918,1892.1041,1977.921,1634.5558,1611.9622,1712.015,1398.3528,1340.1674,1310.351,1155.1051,1103.1084,1016.8345,1021.174,1127.2813,1183.5048,1108.5187,1079.788,1292.3497,1336.991,1393.0215,1537.4673,1592.6824,1776.4873,2012.8278,2636.5791,2754.6807,3004.5593,3307.8254,3693.4885,3503.7019,3438.3279,3464.5913,3277.0535,3324.5049,3164.3777,3196.1765,3179.1958,8633760.4,18513840,3153731,0,1.3776847,.93293536,-2.3398676
Zimbabwe,ZWE,,,,,1978.8944,1978.5311,2090.8877,2234.5208,2166.489,2381.6321,2448.0168,2509.4573,2415.8567,2397.5691,2263.4636,2415.8372,2287.8645,2240.1953,2005.1678,2443.5271,2893.5947,3048.605,3301.5903,3334.0842,3533.7402,3331.3457,3229.8303,2811.0608,3012.7844,3062.3293,3119.9524,3673.0012,3747.5886,4215.3325,3879.1897,4068.4963,4104.3838,3923.4993,4489.6963,4880.1211,5299.8848,6175.5547,5519.6973,5528.0615,5997.4248,5814.6826,6447.4219,5504.5591,4694.4028,4367.0337,3356.7063,3782.8767,3254.0942,2272.4414,2121.9124,1801.4781,1359.0446,1525.4365,1196.9508,2112.6648,2281.9915,2449.2092,2762.6843,2864.603,2846.522,2880.9058,2919.6169,3112.875,3007.2371,2787.6589,9443799.483333332,15271377,3809393,0,.00095483306,.22045265,-2.0533376
